nom iupac molec,identificador,resultats a partir de bibliografia (kcal/mol),incertesa calculada (kcal/mol),resultats experimentals (AMBER/GAFF) (kcal/mol),incertesa experimental (kcal/mol),metode 1 (kcal/mol),incertesa metode 1 (kcal/mol),metode 2 (kcal/mol),incertesa metode 2 (kcal/mol)
methyl hexanoate,mobley_1017962,-2.49,0.03,-2.49,0.60,-17.547244413205494,0.459111189332025,-13.844555776228841,0.485880588867333
butan-1-ol,mobley_1019269,-4.72,0.02,-4.72,0.60,-3.2983930311994087,0.3131494833837666,-0.1520063925279178,0.3910246671916019
"1,2,3,4-tetrachloro-5-(3,4-dichlorophenyl)benzene",mobley_1034539,-3.04,0.04,-3.04,0.10,-13.926383615108566,0.5525714516693245,-7.053006820624189,0.5177790689085068
cyclohexanamine,mobley_1036761,-4.59,0.02,-4.59,0.60,-7.495211403712456,0.43012763260749404,-4.4299992576724865,0.40311238889953127
phenyl formate,mobley_1046331,-3.82,0.02,-3.82,0.60,-7.364543726109513,0.3998922322543617,-16.225215952510425,0.403344395046085
methyl propanoate,mobley_1075836,-2.93,0.02,-2.93,0.60,-20.993244123650165,0.3195601900204791,-9.693645135186177,0.3839960380204696
"1,3-dichlorobenzene",mobley_1079207,-0.98,0.02,-0.98,0.60,0.04654560172522615,0.2821606577374643,0.14673665629801302,0.35816890812217433
iodoethane,mobley_1107178,-0.74,0.02,-0.74,0.60,-0.6552805237374144,0.26449708161806146,1.5775954908867764,0.35418499968968065
ethoxyethane,mobley_1144156,-1.59,0.02,-1.59,0.60,0.026205501860188773,0.2956434594639675,0.8962306518323917,0.35245465736828513
"(2R,5R)-2-methyl-5-(1-methylethenyl)-cyclohexanone",mobley_1160109,-3.75,0.02,-3.75,0.21,-18.357107992741216,0.4879688111381777,-13.360132171527995,0.42233353787164474
2-chlorophenol,mobley_1178614,-4.55,0.03,-4.55,0.60,-13.490853354701843,0.35520670490571116,-6.7277237784868245,0.5673791318352138
methylsulfanylbenzene,mobley_1189457,-2.73,0.02,-2.73,0.60,-7.958927030034821,0.3461894879689085,-4.416405613907601,0.33131494703286374
1-iodopropane,mobley_1199854,-0.53,0.02,-0.53,0.60 ,-2.3304800105454437,0.25254371539828124,0.5069378973617211,0.3261402143564722
2-chloropropane,mobley_1231151,-0.25,0.02,-0.25,0.60,0.9898108175406117,0.28529562890745985,2.2798565480024116,0.33267495977721834
1-nitropentane,mobley_1235151,-2.82,0.02,-2.82,0.60,-6.063050697789814,0.37254321074527935,-1.7501991692939238,0.3467328472842604
cycloheptanol,mobley_1244778,-5.48,0.05,-5.48,0.60,-3.2372999838708933,0.4389732358541958,-2.79147895465497,0.43611510012260485
neopentane,mobley_1261349,2.51,0.02,2.51,0.60,7.6290050960315785,0.2812133528188709,4.401900150086004,0.29138399578281404
hexachloroethane,mobley_1278715,-0.64,0.04,-0.64,0.10,-1.3133688666109182,0.29532604907239207,1.8174599290479418,0.2982961560154037
1-butoxybutane,mobley_129464,-0.83,0.03,-0.83,0.60,-2.7113440670734628,0.3804820306215858,2.4541804785153167,0.4034331756704078
"1,1,2-trichloroethane",mobley_1328465,-1.99,0.03,-1.99,0.60,-0.5172924135264504,0.292673093359351,2.0045993465852288,0.2853289547759606
methyl 4-nitrobenzoate,mobley_1328936,-6.88,0.03,-6.88,0.60,-52.62092090733826,0.6458807841220392,-35.074172330897554,0.5238314238403621
pebulate,mobley_1352110,-3.64,0.04,-3.64,1.93,-36.16663848493123,0.5692076119262959,-27.201402936435713,0.6088506045674601
"3,5-dimethylpyridine",mobley_1363784,-4.84,0.02,-4.84,0.60,-20.416487363978803,0.3751236290402886,-6.068312501644405,0.36018034982948566
pentachloronitrobenzene,mobley_1396156,-5.22,0.05,-5.22,0.25,-8.979086969004339,0.4191656602348035,-7.065610672610385,0.46894736284350436
captan,mobley_1417007,-9.01,0.04,-9.01,1.93,-20.82678214924355,0.5160388088925734,-14.727524086488797,0.5983300871107311
m-xylene,mobley_1424265,-0.83,0.02,-0.83,0.60,0.3261231344219828,0.3230438707460297,0.0949519293847998,0.42751196976158595
1-isopropyl-4-methyl-benzene,mobley_1449384,-0.68,0.03,-0.68,0.60,-5.424188885869853,0.36451249817831355,-6.166611582540616,0.5412980579726764
"2,3-dichlorodibenzo-p-dioxin",mobley_1469079,-3.56,0.02,-3.56,1.00,-11.055506504002901,0.44457090110876135,-2.1424329573197074,0.5574468619591759
nonan-2-one,mobley_1502181,-2.49,0.03,-2.49,0.60,-6.520527632836872,0.46800983445458383,-6.533689726586416,0.45235318229837607
4-methylpyridine,mobley_1520842,-4.93,0.02,-4.93,0.60,6.216575971509785,0.3202473281468063,-4.498477921844753,0.33762500449796634
flurbiprofen,mobley_1527293,-8.42,0.07,-8.42,0.16,-36.5414801384034,0.784766805103651,-39.72353669479111,1.5261606887204775
butane-1-thiol,mobley_1563176,-0.99,0.02,-0.99,0.60,-2.214340789738184,0.31633923256889507,-0.05168015403405457,0.35999652536690613
"2,3-dimethylphenol",mobley_1571523,-6.16,0.03,-6.16,0.60,-14.060293726738461,0.38592404470873903,-10.425629937295263,0.42009339027528425
ethyl hexanoate,mobley_1592519,-2.23,0.04,-2.23,0.60,-13.351238277115066,0.3965840365088736,-5.7307109707482935,0.4632982221992729
2-isopropoxypropane,mobley_1615431,-0.53,0.02,-0.53,0.60,2.4503612510971466,0.3784343365748417,-4.068423022026783,0.38431122502373083
methanol,mobley_1636752,-5.10,0.01,-5.10,0.60,-3.29844831711207,0.27221303828133087,-1.6593292107426758,0.25575111561732333
2-methylpropan-2-ol,mobley_1650157,-4.47,0.02,-4.47,0.60,14.375604753495011,0.36050424863675123,4.985053171204622,0.4197657959324123
but-1-ene,mobley_1662128,1.38,0.02,1.38,0.60,2.8405479416006423,0.2394094329599738,4.802571865669195,0.27523181128173846
hex-1-yne,mobley_1674094,0.29,0.02,0.29,0.60,0.1886756731526784,0.3199896944379525,1.9163529683517924,0.38018107372466226
methylsulfonylmethane,mobley_1708457,-10.08,0.03,-10.08,0.60,2.7441908792614145,0.4305722454420477,-2.073769453896301,0.3956497614117431
methyl formate,mobley_1717215,-2.78,0.02,-2.78,0.60,-13.145282791880586,0.31908992946127557,-7.635057657639812,0.26153626868460533
ethyl butanoate,mobley_1722522,-2.49,0.02,-2.49,0.60,-16.188810219786728,0.47381480326844605,-14.473342066325976,0.5182334370559344
octafluorocyclobutane,mobley_1723043,3.43,0.04,3.43,0.03,-5.320628393552983,0.31450591842232367,-18.042245877768362,0.368476380447602
benzamide,mobley_1728386,-11.00,0.10,-11.00,0.20,-38.656395001869434,0.7047237775582231,-37.788966490627374,0.5149710719526596
dibenzo-p-dioxin,mobley_172879,-3.15,0.02,-3.15,0.10,-19.96841167635937,0.4591606049759567,-4.13765550704226,0.517593290698648
4-bromophenol,mobley_1733799,-5.85,0.02,-5.85,0.83,-0.27155386494254063,0.46156425118604405,-1.9084951932798155,0.4124202730549108
hexanoic acid,mobley_1735893,-6.21,0.03,-6.21,0.60,-10.630098183213189,0.49880818455531795,-10.562633352184399,0.4466727201882425
diethyl butanedioate,mobley_1743409,-5.71,0.04,-5.71,0.60,-35.69200205507911,0.9160673822698988,-13.50904814513014,17.85530090784968
1-chloro-2-methyl-benzene,mobley_1760914,-1.14,0.02,-1.14,0.60,-4.888040015660131,0.3475369201535668,0.6042079767561526,0.42606007152284764
"methyl 2,2-dimethylpropanoate",mobley_1781152,-2.40,0.02,-2.40,0.60,-39.24384313981203,0.3827355607242511,-11.214885612671502,0.6398652367783884
"1,2-dibromoethane",mobley_1792062,-2.33,0.02,-2.33,0.60,-0.8560974362071193,0.2756240177886748,2.554060869151283,0.36344689657571333
ethanethiol,mobley_1800170,-1.14,0.02,-1.14,0.60,2.5411072611490355,0.26691133753722485,2.1075171204539362,0.307652639776041
isopentane,mobley_1803862,2.38,0.02,2.38,0.60,3.6849482337606667,0.3435514465594682,2.730137571997849,0.363330873257653
3-methyl-1H-indole,mobley_1821184,-5.88,0.03,-5.88,0.60,-14.936303841940884,0.4343855214434662,-10.854685638804852,0.4561305617807799
hexanal,mobley_1827204,-2.81,0.02,-2.81,0.60,-2.9410303711487917,0.36189024136969106,-4.655097490453722,0.44685419539815163
"1,1,2-trichloro-1,2,2-trifluoro-ethane",mobley_1838110,1.77,0.02,1.77,0.60,0.4073422661477981,0.3449447670166969,1.8922754313183088,0.3278715573326673
"1,2,3,5-tetrachlorobenzene",mobley_1855337,-1.62,0.02,-1.62,0.60,0.22387416330232135,0.33190526897421513,-0.9478530414833632,0.37745192070763367
"1,2-dichloroethane",mobley_1857976,-1.79,0.02,-1.79,0.60,-0.29758346220960336,0.25764912480597313,-0.10237325762524963,0.3072123165711365
2-phenylethanol,mobley_1858644,-6.79,0.03,-6.79,0.60,-0.018821729284989708,0.4818656470602726,-8.819513356768976,0.5107983296897546
propanethiol,mobley_186894,-1.10,0.10,-1.10,0.20,0.612828470254791,0.27131629344109465,1.699160038756041,0.34059441349013037
toluene,mobley_1873346,-0.90,0.10,-0.90,0.20,-0.8232384193841211,0.29473528050545605,-0.6710434294001213,0.3469091388729765
pentan-3-one,mobley_1875719,-3.41,0.10,-3.41,0.20,-14.63882471889469,0.3529198766778438,-5.46649902526948,0.3428316337923549
pentan-2-one,mobley_1881249,-3.52,0.02,-3.52,0.60,-7.459698002712277,0.3774316295354988,-5.988192845004127,0.36679816451768404
"1,1,1,2-tetrachloroethane",mobley_1893815,-1.43,0.02,-1.43,0.10,-1.8488988177033554,0.31791979539609455,1.6825510731914877,0.33093990749500685
1-chlorohexane,mobley_1893937,0.00,0.03,0.00,0.60,-1.6461350340269143,0.2749630711276349,3.8400663578048135,0.42509560740860275
"(2S,3R,4S,5R)-oxane-2,3,4,5-tetrol",mobley_1896013,-20.52,0.10,-20.52,0.27,-3.9763728254596344,1.265667688791779,8.652834088818864,1.8957218094218447
2-methylpent-1-ene,mobley_1899443,1.47,0.02,1.47,0.60,2.9754448798511945,0.31331069878711826,4.81523544862773,0.3701816651698023
butan-2-ol,mobley_1903702,-4.62,0.03,-4.62,0.60,0.1237770177092381,0.329967379787044,2.2074513108133393,0.4220158669487811
methylparathion,mobley_1922649,-7.19,0.04,-7.19,0.10,-53.06581158820477,1.1645524951578676,-48.49575027798301,1.0333614654649474
n-butane,mobley_1923244,2.10,0.10,2.10,0.20,2.9934955858410066,0.2554859980088903,3.6504042669807024,0.29702450863154706
hydrogen sulfide,mobley_1929982,-0.70,0.01,-0.70,0.60,-1.5229691905334513,0.21792907577554776,-1.4600051750649314,0.19697079420912597
bromacil,mobley_194273,-9.73,0.04,-9.73,1.93,-17.913108280228215,0.7580503885623835,-46.29430126411546,2.053759277622683
[2-benzhydryloxyethyl]-dimethyl-amine,mobley_1944394,-9.34,0.03,-9.34,0.62,-35.79202838009498,1.3939135370224847,-22.938723309479485,0.8407651340216447
nitromethane,mobley_1952272,-4.02,0.01,-4.02,0.60,0.049578678756758025,0.25235095888205933,0.3399312986950663,0.29818358711836385
N-methylacetamide,mobley_1963873,-10.00,0.03,-10.00,0.60,-9.658160779436614,0.3798683313604216,-7.482111002877334,0.3780854595770733
acetaldehyde,mobley_1967551,-3.50,0.02,-3.50,0.60,-3.1241175366890492,0.3229080695987166,-2.1146692678824315,0.32656746341559995
1-cyclopropylethanone,mobley_197466,-4.61,0.02,-4.61,0.60,-20.91438271242306,0.31385690437411656,-6.07271224081985,0.4097803754303639
nonanal,mobley_1976156,-2.07,0.03,-2.07,0.60,-9.563425563307486,0.3959261875643059,-4.753283298831499,0.4907784083949615
1-chloropropane,mobley_1977493,-0.33,0.02,-0.33,0.60,-0.17112029388011318,0.27133138907775733,0.6086973257121921,0.31843030536161354
mesitylene,mobley_1987439,-0.90,0.02,-0.90,0.60,3.1574214928580178,0.32995574995151605,-1.5755126326121855,0.3860051602148634
biphenyl,mobley_2005792,-2.70,0.10,-2.70,0.20,-17.843806364236144,0.5856470885660296,-16.550511433114444,0.5701455641380235
ethane,mobley_2008055,1.83,0.01,1.83,0.60,1.4481028643905787,0.19056148020510144,2.745204175882854,0.18545066710406283
"2-chloro-2-(difluoromethoxy)-1,1,1-trifluoro-ethane",mobley_2023925,0.10,0.02,0.10,0.60,-5.3171388851914685,0.4209050517654503,15.339091220965209,0.47409425855604165
1-cyclohexylethanone,mobley_2043882,-3.90,0.02,-3.90,0.60,-15.08618963367013,0.435589652484673,-14.512149016368094,0.43617024084257006
methylsulfanylethane,mobley_2049967,-1.50,0.10,-1.50,0.20,0.8545692068347859,0.2436649707868265,1.3548488746875056,0.32646628165912417
phenol,mobley_20524,-6.60,0.10,-6.60,0.20,-3.0176976042213677,0.39967762656272354,-4.341762943002902,0.3753504374705057
propane,mobley_2068538,2.00,0.10,2.00,0.20,2.157937999299277,0.24867561084984335,3.8726785078161856,0.31683529177009645
ibuprofen,mobley_2078467,-7.00,0.07,-7.00,0.64,-18.10217513029064,2.024561920261864,-24.275403867076218,0.9850661153185539
2-iodopropane,mobley_210639,-0.46,0.02,-0.46,0.60,1.9604566220933841,0.31162950205817447,1.5181548217210923,0.3057351814354436
4-hydroxybenzonitrile,mobley_2123854,-10.17,0.03,-10.17,0.60,-9.200504449885033,0.5300391773409714,-11.037504328424873,0.4075187402738345
2-ethylphenol,mobley_2126135,-5.66,0.02,-5.66,0.10,-15.275472003090233,0.5125546874999964,-16.022926246846733,0.4366566530376175
3-methylbut-1-ene,mobley_2143011,1.83,0.02,1.83,0.60,4.689713933534017,0.3125780479549758,5.252211769206608,0.30314290219615575
formaldehyde,mobley_2146331,-2.75,0.01,-2.75,0.60,-3.244474366148307,0.25648371623803806,-1.8782914093404508,0.3277810992465335
1-chloro-pentane,mobley_2178600,-0.10,0.10,-0.10,0.20,0.7226930862965426,0.33076710271482673,2.918031785575919,0.4099536198387605
sec-butylbenzene,mobley_2183616,-0.45,0.03,-0.45,0.60,-9.692948010185976,0.38778449943519405,-9.939554468480438,0.4509586255586672
decane,mobley_2197088,3.16,0.03,3.16,0.60,2.1508279851902645,0.4531573673737278,1.3549817742243562,0.49106652673775913
chloroethane,mobley_2198613,-0.63,0.02,-0.63,0.60,1.1288357657683543,0.2822643329956316,1.6367987669434814,0.288810340393727
3-methylpentane,mobley_2213823,2.51,0.02,2.51,0.60,-0.6677350821583047,0.2549169059513456,3.467253590259433,0.3635136265685394
2-methylpropan-1-ol,mobley_2245668,-4.50,0.02,-4.50,0.60,-8.132394336471506,0.3426109716228214,-1.5843733347159863,0.401906135879925
acenaphthene,mobley_2261979,-3.15,0.03,-3.15,0.60,-14.544919293527247,0.37622122202762903,-12.114231303030845,0.4345807948193205
naproxen,mobley_2269032,-10.21,0.10,-10.21,0.18,-31.958012998153443,0.9626713825726938,-29.210138121229278,1.3730418394030754
trimethoxymethane,mobley_2279874,-4.42,0.03,-4.42,0.60,-23.29694799065102,0.38264363974328885,-16.530564384266867,0.41157455043626445
ethyl formate,mobley_2294995,-2.56,0.02,-2.56,0.60,-11.01397751493056,0.38494875938189893,-8.194198304673836,0.35810790086839506
methyl paraben,mobley_2295058,-9.51,0.05,-9.51,0.26,-39.29987182044043,0.7971733214225261,-36.60062437187195,1.2558214208189127
ethanol,mobley_2310185,-5.00,0.03,-5.00,0.60,3.186134958224626,0.3219640594242793,-2.1216682819093626,0.29794421700782336
"1-(2-hydroxyethylamino)-9,10-anthraquinone",mobley_2316618,-14.21,0.03,-14.21,1.10,-48.574700396704024,1.361755926486413,-51.469836049015214,1.4338544985677955
pentylcyclopentane,mobley_2328633,2.55,0.03,2.55,0.60,-0.46869974426624017,0.3709520076255277,3.124352033157517,0.4219630853577355
methyl pentanoate,mobley_2341732,-2.56,0.02,-2.56,0.60,-18.12830835419041,0.38831717043390857,-13.407851809434042,0.42023480968929483
butyl acetate,mobley_2364370,-2.64,0.02,-2.64,0.60,-7.649519454293571,0.3783233090416056,-9.866014318081213,0.45307786310509307
"3,4-dimethylpyridine",mobley_2371092,-5.22,0.02,-5.22,0.60,-2.9797999596704763,0.39076534525794265,-3.0455817514707464,0.4179013299687855
heptan-4-one,mobley_2390199,-2.92,0.02,-2.92,0.60,-11.933040036821325,0.39968504568514446,-10.090084461481595,0.5070868365346224
diethyl propanedioate,mobley_2402487,-6.00,0.04,-6.00,0.60,-24.639174977747587,8.94006395704782,-76.76941066597732,12.448103719789144
ethanamine,mobley_2410897,-4.50,0.02,-4.50,0.60,4.444500527611566,0.2760958247866902,0.5802700976463324,0.37183330980492413
1-methoxypropane,mobley_2422586,-1.66,0.02,-1.66,0.60,-0.6872405010162008,0.35865169828168547,4.715612706584109,0.349983984877874
benzonitrile,mobley_2451097,-4.10,0.02,-4.10,0.60,-9.640752385632556,0.39979046041861177,-7.5637852538266745,0.45008422004273285
3-methoxyphenol,mobley_2457863,-7.66,0.03,-7.66,0.60,0.261187623284993,0.4961646208006925,-11.4823666657269,0.5750000436216427
trichloro(nitro)methane,mobley_2481002,-1.45,0.02,-1.45,0.10,-1.3031538720915827,0.2838608670338877,0.5131944334688674,0.2995865974356259
benzyl chloride,mobley_2484519,-1.93,0.08,-1.93,0.20,-4.172231289014314,0.3610090497868329,-4.156486984136093,0.4716061204573939
hexan-2-one,mobley_2487143,-3.28,0.02,-3.28,0.60,-5.86660295067554,0.3891249808127439,-3.9573123364242653,0.4345637405248847
"1,2-dichlorobenzene",mobley_2489709,-1.36,0.02,-1.36,0.60,-5.022878083463027,0.26749051300341276,-2.047986970772937,0.31198050765510604
"1,1,1,2,2-pentachloroethane",mobley_2492140,-1.23,0.02,-1.23,0.10,0.681319426964393,0.3192246996079898,1.0159309770591094,0.3598966599420271
"1,1-dichloroethylene",mobley_2493732,0.25,0.02,0.25,0.60,1.1561864856806399,0.27523007246225845,3.117681948022698,0.2297373420853459
1-bromoheptane,mobley_2517158,0.34,0.03,0.34,0.60,0.8192689714171655,0.36746259929278186,2.233810828591631,0.39860693361939464
5-Amino-4-chloro-2-phenylpyridazin-3(2H)-one,mobley_2523689,-16.43,0.04,-16.43,1.93,-27.04825338269587,1.3337585807696202,-40.301204390340764,0.653896782586202
"2,2-dimethylpentane",mobley_252413,2.88,0.02,2.88,0.60,3.106401500942394,0.32135254027549387,2.3342464112365366,0.35487571110520344
pyrene,mobley_2577969,-4.52,0.03,-4.52,0.60,-24.94423911516683,0.5458398985732692,-19.05274575297476,0.534703643029821
hexyl acetate,mobley_2607611,-2.26,0.03,-2.26,0.60,-10.645713914685395,0.377600765364884,-9.467035217255045,0.470566179917143
"3,3-dimethylpentane",mobley_2609604,2.56,0.03,2.56,0.60,-3.3413267752684077,0.31521089369604677,1.6092711479330928,0.35296377350682434
"1,2-dimethoxybenzene",mobley_2613240,-5.33,0.02,-5.33,0.10,-14.831939535137291,0.3726579717462672,-2.961853432428974,0.4254692740954871
3-nitrooxypropyl nitrate,mobley_2636578,-4.80,0.02,-4.80,0.39,-20.024000904345186,0.4134996553071879,-16.857731354255744,0.42662798266399937
"N,N-4-trimethylbenzamide",mobley_2659552,-9.76,0.05,-9.76,0.20,-46.24321018175719,0.5062358174206147,-29.53884186518695,0.5444358051174412
3-hydroxybenzonitrile,mobley_2661134,-9.65,0.03,-9.65,0.60,-4.909840758998796,0.6277980661946116,-1.048321741535637,0.5235640718937534
"1,3,5-trichlorobenzene",mobley_2681549,-0.78,0.02,-0.78,0.60,3.1005686259346303,0.33473654782810225,-1.232172468122708,0.4151284578608428
cyclohexane,mobley_2689721,1.23,0.02,1.23,0.60,-1.028376899119804,0.25086371517539013,1.6420046024040889,0.34218201994115466
2-isobutylpyrazine,mobley_2693089,-5.04,0.03,-5.04,0.60,-7.619461388947188,0.4271151084302963,-6.580171686490763,0.4467441907196525
nitralin,mobley_2725215,-7.98,0.05,-7.98,1.93,-154.78728025362165,0.8527127485282523,-139.9347600471451,3.8337560362192193
1-pyrrolidin-1-ylethanone,mobley_2725802,-9.80,0.02,-9.80,0.60,-11.994196631907293,0.4291401192577201,-14.743970404955522,0.42212659210035963
5-iodouracil,mobley_2727678,-18.72,0.06,-18.72,0.64,9.292738041708049,0.674668983444491,-14.263713356403091,1.2395185194723946
4-nitrophenol,mobley_2751110,-10.64,0.02,-10.64,0.60,-14.640501376767112,0.47473697919379376,-18.654028479019345,0.6212330360601394
ethoxybenzene,mobley_2763835,-2.22,0.02,-2.22,0.60,-7.76526457901328,0.3474948730175844,-8.81453854866079,0.4549224128273115
1-methylpiperazine,mobley_2771569,-7.77,0.03,-7.77,0.60,-19.455837953851024,0.3653958719632098,-4.50196910173721,0.42744131689383313
phthalimide,mobley_2782339,-9.61,0.05,-9.61,0.50,-30.298119410729647,0.8180581898558675,-43.90464330407203,0.5367322280495216
cyclopropane,mobley_2784376,0.75,0.02,0.75,0.60,1.8303879852366265,0.20753040556377575,2.4879840303636143,0.23160534315335335
3-chloropyridine,mobley_2789243,-4.01,0.02,-4.01,0.60,-11.925645458541632,0.3359513283219595,-1.9093276909283725,0.4194177620498083
(2E)-hex-2-enal,mobley_2792521,-3.68,0.02,-3.68,0.60,-4.2895728077671,0.3562611012423409,-2.913410237057584,0.37556803409377865
1-bromobutane,mobley_2802855,-0.40,0.02,-0.40,0.60,2.768509475647157,0.27553348589044613,3.7419210897996935,0.33583062523829355
naphthalene,mobley_282648,-2.40,0.02,-2.40,0.60,-10.404496267660722,0.4036970964210669,-10.00682017583639,0.4547351974663333
pyrrole,mobley_2837389,-4.78,0.02,-4.78,0.60,8.69172733608904,0.4040455580052166,0.6863623752683385,0.33740835158168836
"1,2,3,7-tetrachlorodibenzo-p-dioxin",mobley_2844990,-3.84,0.03,-3.84,1.00,-13.928510384403292,0.4111099620660933,-3.6961588025818912,0.5571936290037144
"2,3,7,8-tetrachlorodibenzo-p-dioxin",mobley_2845466,-3.37,0.03,-3.37,1.00,-10.958857793940751,0.4982363450978003,-0.46578073441370105,0.5457083801537568
2-hydroxybenzaldehyde,mobley_2850833,-4.68,0.02,-4.68,0.10,-1.2366620190629973,0.7215215172598745,-24.339003711257295,0.47541888837785556
styrene,mobley_2859600,-1.24,0.02,-1.24,0.60,-9.032352255403499,0.3617337344065534,-5.211198351471749,0.4299644153590681
pentan-2-ol,mobley_2864987,-4.39,0.02,-4.39,0.60,1.106613191185939,0.3968518401866106,-1.1791484942991532,0.4308552098680729
isobutyl nitrate,mobley_2881590,-1.88,0.03,-1.88,0.10,-7.668659990378624,0.33198840049351247,-2.898366042383461,0.4190633600055185
acetylsalicylic acid,mobley_2913224,-9.94,0.07,-9.94,0.18,-101.81960930041222,0.90064044353646,-76.81995016297314,20.382963689343242
4-ethylphenol,mobley_2923700,-6.13,0.03,-6.13,0.60,-1.1729301850676919,0.44254794623191174,-5.883788508280697,0.44157039087782596
p-cresol,mobley_2925352,-6.13,0.02,-6.13,0.60,-0.2734295477527042,0.37847791337803155,-0.049873911454989095,0.4678473246509208
3-methylbutanoic acid,mobley_2929847,-6.09,0.03,-6.09,0.60,-5.947744776129623,0.3923696644848286,-12.366614537687731,0.4938193693107916
N-propylpropan-1-amine,mobley_2958326,-3.65,0.02,-3.65,0.60,-2.918008557215775,0.33831024790076797,3.2544873374161094,0.4348496275343247
"1,2,3,4,7,8-hexachlorodibenzo-p-dioxin",mobley_2960202,-3.71,0.03,-3.71,1.00,-12.364254046065039,0.4171462490785578,-1.6516505380634534,0.4633449292198534
pyridine,mobley_296847,-4.69,0.02,-4.69,0.60,-4.115934091545377,0.37439899454806524,-4.298254539978373,0.4345066698415125
thiophene,mobley_2972906,-1.40,0.10,-1.40,0.20,5.66343394825196,0.24836944626206292,2.0875752992369283,0.31096023115982663
2-methylprop-1-ene,mobley_299266,1.16,0.02,1.16,0.60,7.07446485669246,0.23608112075004797,5.332435867298711,0.2800283366129132
chloroform,mobley_2996632,-1.08,0.02,-1.08,0.60,0.8879128188339989,0.25016269513024514,1.712040501515774,0.2966075419161567
"2,2,2-trifluoroethanol",mobley_3006808,-4.31,0.03,-4.31,0.60,-22.636451924204522,0.7519046819906323,-3.777176793299839,0.6818903951148818
prop-1-ene,mobley_303222,1.32,0.02,1.32,0.60,4.137106375895607,0.22772600231280038,3.9013487334983536,0.289861536532667
acetic acid,mobley_3034976,-6.69,0.02,-6.69,0.60,1.7862560239517808,0.3334516732838804,-3.0990041467719225,0.40411152745699785
benzene,mobley_3053621,-0.90,0.10,-0.90,0.20,-2.368752297238918,0.3079014431883261,-1.2343717307810924,0.33451452327453307
"2,2,5-trimethylhexane",mobley_3060426,2.93,0.03,2.93,0.60,0.5697604222120347,0.3249298581381931,-2.222426666280053,0.3699071215317906
dimethoxymethane,mobley_3083321,-2.93,0.10,-2.93,0.20,-8.601244782162889,0.33367526521986884,-6.070291894327214,0.3393025186692958
terbacil,mobley_3105103,-11.14,0.04,-11.14,1.93,45.33862234255112,2.4131493400988537,-90.1711377737561,0.6936842283110088
propan-1-ol,mobley_313406,-4.85,0.02,-4.85,0.60,-1.0471491780739983,0.30039376868746215,0.1368744851570467,0.3305164075885481
"2,5-dimethylphenol",mobley_3144334,-5.91,0.03,-5.91,0.60,-6.5831944555239525,0.4378452688873046,-6.525270491422702,0.44172002792481807
decan-1-ol,mobley_3151666,-3.64,0.03,-3.64,0.60,-4.847838068054807,0.4860681153386732,4.1159321158727025,0.6099335402343199
octane,mobley_3167746,2.88,0.03,2.88,0.60,2.7126238045503834,0.37327174960175763,3.617925750453385,0.47735401289769724
"1,2-dinitroxypropane",mobley_3210206,-4.95,0.03,-4.95,0.10,-14.830067254635395,0.42453085416698283,-2.888676816524173,0.4787948472197726
cyclohexene,mobley_3211679,0.14,0.02,0.14,0.10,-0.11663922560191775,0.27215701232005757,1.513438358471324,0.31145970924508737
p-xylene,mobley_3234716,-0.80,0.02,-0.80,0.60,-0.827242248738072,0.28548576408101334,0.041437481967386613,0.3555635946534373
glycerol,mobley_3259411,-13.43,0.06,-13.43,1.00,-74.38915156509282,0.6404802100460396,4.020060791213808,1.107187545622668
2-chlorosyringaldehyde,mobley_3265457,-7.78,0.03,-7.78,0.77,-34.857545793460005,0.5610527844819592,-7.115610521385143,0.6082603517319919
"N-methyl-N-(2,2,2-trifluoroethyl)aniline",mobley_3266352,-1.92,0.03,-1.92,0.60,-2.867183484543098,0.4577902928874331,4.471679669900755,0.4958124706427564
2-methoxypropane,mobley_3269565,-2.01,0.02,-2.01,0.60,-0.1416782427462473,0.265687252873143,0.7088671762953029,0.32660352451355906
"1,2,3,4-tetrachloro-5-(3,4,5-trichlorophenyl)benzene",mobley_3269819,-3.17,0.04,-3.17,0.10,-10.609294489155262,0.4136711536671173,-9.26762721353913,0.45954122988594154
"2-[(1R)-1-methylpropyl]-4,6-dinitro-phenolate",mobley_3274817,-6.23,0.04,-6.23,1.93,-51.799059635525765,0.6857576893941695,-41.638533577076274,0.952198355300641
nonan-5-one,mobley_3318135,-2.64,0.03,-2.64,0.60,-13.21079695262783,0.3858705537894814,-5.633591091356369,0.571094380061761
sulfolane,mobley_3323117,-8.61,0.05,-8.61,0.31,-22.101899314687426,0.37529930155657043,-8.212235189179703,0.41105927782709634
trimethoxymethylbenzene,mobley_3325209,-4.04,0.04,-4.04,0.60,-56.21131074220337,0.9645487613954318,-34.60345349785591,1.2566789953999666
4-propylguaiacol,mobley_3359593,-5.26,0.02,-5.26,0.18,-21.91681753313837,0.5284362613836838,-8.892122583032991,0.5171509252870463
"1,1-difluoroethane",mobley_3370989,-0.11,0.02,-0.11,0.60,-0.903967748949812,0.24541529312149607,0.5300895865300199,0.3312917445984713
5-fluorouracil,mobley_337666,-16.92,0.06,-16.92,0.88,6.764641959091293,0.5001429125226099,-33.37862222955067,2.569829981276538
nonan-1-ol,mobley_3378420,-3.88,0.03,-3.88,0.60,-4.463965004520704,0.6345210101452563,-0.48953457587235016,0.5143294051638099
tetrahydropyran,mobley_3395921,-3.12,0.02,-3.12,0.60,-3.246852781713094,0.29088076817111563,-1.9085888947213527,0.331905884597727
iodobenzene,mobley_3398536,-1.74,0.02,-1.74,0.60,-1.627387806320989,0.2759441119451852,-2.336775600472016,0.31910368913466747
2-methylpentan-2-ol,mobley_3414356,-3.92,0.02,-3.92,0.60,5.7822196508523955,0.37046368359216875,1.2682682539484453,0.4373590722902294
chloro-fluoro-methane,mobley_3425174,-0.77,0.01,-0.77,0.60,-0.56271740884892,0.20755869267535576,0.29726184132226807,0.24527887564599618
"1,2,3-trimethylbenzene",mobley_3452749,-1.21,0.02,-1.21,0.60,-5.20291247617531,0.4079143296300249,-6.467472381225872,0.43530236042640374
1-(p-tolyl)ethanone,mobley_349850,-4.70,0.03,-4.70,0.60,-19.04940750602136,0.46890045169613137,-17.526174365511622,0.5857993041352197
2-methoxyphenol,mobley_3515580,-5.94,0.02,-5.94,0.10,-18.899665356921503,0.5518957868280707,-7.725640687373695,0.6656718122521535
pentylbenzene,mobley_3525176,-0.23,0.03,-0.23,0.60,-4.4388245099505195,0.5017365140162293,-6.048827998514961,0.5019669358619963
hexan-1-ol,mobley_3546460,-4.40,0.02,-4.40,0.60,-3.087662084398993,0.4192101470904451,-4.059258178637208,0.4060596236144876
pentyl propanoate,mobley_3572203,-2.11,0.03,-2.11,0.60,-21.593806882225966,0.43732479521263296,-12.91042715935501,0.46488752538981076
heptan-2-one,mobley_3573480,-3.04,0.02,-3.04,0.60,-5.695232875155301,0.3694767911140087,-5.522277223045402,0.42244925520550963
octan-1-ol,mobley_36119,-4.09,0.03,-4.09,0.60,-1.072182824285523,0.4430615469775512,0.6794895556862985,0.4980059454374171
1-chlorobutane,mobley_3639400,-0.16,0.02,-0.16,0.60,2.310400564611238,0.2701978407116422,2.564261152203047,0.3123977069020705
naphthalen-2-ol,mobley_3663158,-8.11,0.03,-8.11,0.60,-6.073607042346955,0.4891558686339509,-11.955306236435868,0.6094962287175997
cyclohexanone,mobley_3682850,-4.91,0.02,-4.91,0.60,-9.882241917590838,0.32481685884102257,-3.6291306251593207,0.38563978254425085
"1,1-diethoxyethane",mobley_3686115,-3.28,0.08,-3.28,0.20,-8.467477640489786,0.43200285962064844,-9.160205930107773,0.45476215029769723
propyl butanoate,mobley_3690931,-2.28,0.03,-2.28,0.60,-18.52382644945463,0.409761248672198,-14.003470009718992,0.5414445429868991
non-1-ene,mobley_3709920,2.06,0.03,2.06,0.60,-0.34799433749300945,0.3856454568505166,1.6532342226210472,0.42770745637439656
"1,4-dimethylnaphthalene",mobley_3715043,-2.82,0.03,-2.82,0.60,-17.34264324627299,0.40630984659925384,-15.508018447092514,0.47343617782119596
quinone,mobley_3727287,-6.50,0.10,-6.50,0.20,-18.65294867940606,0.3969234719371118,17.851845634627452,0.7199791129296494
1-bromo-pentane,mobley_3738859,-0.10,0.10,-0.10,0.20,-0.8719930465827693,0.3075447760224436,0.8483509853698437,0.3266244495527298
isopropenylbenzene,mobley_3746675,-1.24,0.02,-1.24,0.60,-8.326728037580214,0.4836164423509419,-8.9195463620837,0.4139776948034012
"1,1,1-trichloroethane",mobley_3761215,-0.19,0.02,-0.19,0.60,1.0744229842797837,0.2458312995129016,0.13522248817693044,0.30884290512009516
dichloromethane,mobley_3762186,-1.31,0.01,-1.31,0.60,1.2750686387150048,0.23803957030516906,2.3471228988680553,0.244999854239612
1-methylpyrrole,mobley_3775790,-2.89,0.02,-2.89,0.60,6.387044001568099,0.30758617287689277,0.5794566707101698,0.3430892990435974
hexyl nitrate,mobley_3802803,-1.66,0.02,-1.66,0.10,-6.46519116204267,0.33897447716309603,-1.7153279275887092,0.442915245686723
acetone,mobley_3867265,-3.80,0.02,-3.80,0.60,-0.05528214312452617,0.30946044189178656,-1.3234884863945342,0.3567560706138576
cyclopentanone,mobley_3968043,-4.70,0.02,-4.70,0.60,-8.07596737426043,0.34385713862484196,-3.590359903027977,0.3278474959913861
methyl benzoate,mobley_3968739,-3.92,0.03,-3.92,0.60,-37.826391063455475,0.48448171169114057,-29.96135016010037,0.4868737999799503
benzaldehyde,mobley_3969312,-4.02,0.02,-4.02,0.60,-18.821120975021685,0.36471854086112315,-16.825537827383258,0.42155751167490424
ethyl benzoate,mobley_397645,-3.64,0.02,-3.64,0.60,-38.995607628475526,0.6220750522626957,-29.329943474246786,0.48780975626526274
"1,2,3,4,7-pentachlorodibenzo-p-dioxin",mobley_3976574,-4.15,0.03,-4.15,1.00,-12.862151740216579,0.415421075075292,-3.140350766379462,0.48710385400256634
"1,2,3-trichlorobenzene",mobley_3980099,-1.24,0.02,-1.24,0.60,-3.4411316479407783,0.34237090738154996,-1.7012025962559414,0.3848327030543871
methyl acetate,mobley_3982371,-3.13,0.02,-3.13,0.60,-10.37966436345146,0.34633427894894164,-4.587372996031101,0.35476141752476115
"1,1-dichloroethane",mobley_3999471,-0.84,0.02,-0.84,0.60,-0.23633722746735464,0.20433294638719224,1.5596602833479511,0.3008578032373666
"2,4-dimethylpentan-3-one",mobley_4013838,-2.74,0.02,-2.74,0.60,-30.494369964268262,0.40704916613935077,-12.5163830315818,0.43216875820787337
o-cresol,mobley_4035953,-5.90,0.10,-5.90,0.20,-14.120931919304034,0.3737434242292661,-7.3334445184413894,0.4459816726168067
5-bromouracil,mobley_4039055,-18.17,0.06,-18.17,0.55,7.085601055249555,0.8336288257118087,-50.73700206467203,0.6019753418983315
pent-1-ene,mobley_4043951,1.68,0.02,1.68,0.60,2.673461861919687,0.30874927918666073,3.2443172922912478,0.3060429962238073
2-methylhexane,mobley_4043987,2.93,0.03,2.93,0.60,2.2420758870928097,0.3200286131832237,-0.007962291299666635,0.3319570985553095
"1,4-dimethylpiperazine",mobley_4059279,-7.58,0.03,-7.58,0.60,-0.6318467534400263,0.42821945392848154,5.952623275967321,0.5318809187374544
"2,7-dichlorodibenzo-p-dioxin",mobley_4149784,-3.67,0.02,-3.67,0.12,-12.796712808876851,0.5050905315366699,-2.0644736135491364,0.5465624608190267
"2,3,4-trimethylpentane",mobley_4177472,2.56,0.03,2.56,0.60,-4.042761557432951,0.29071000130196456,-0.8486208758999716,0.43423036296733786
"N,N-dimethylbenzamide",mobley_4188615,-9.29,0.04,-9.29,0.60,-50.75229285615926,0.5922265868187722,-31.752687305228463,0.5886000453741475
nitrobenzene,mobley_4193752,-4.12,0.02,-4.12,0.60,-16.20086762354653,0.3139495209476721,-16.4933922225912,0.32601703191466536
"1,2,3,4-tetrachlorobenzene",mobley_4219614,-1.34,0.02,-1.34,0.60,-4.665886428276146,0.3400996017577344,-2.7992461019556147,0.33793886918117455
isobutylbenzene,mobley_4252724,0.16,0.02,0.16,0.60,-8.28427168627816,0.38441872135715033,-9.603401750701924,0.5056962947806999
2-methylpyridine,mobley_4287564,-4.63,0.02,-4.63,0.60,-2.347702220099613,0.3103839681836972,-3.5260548649045123,0.37834452880875735
2-chloropyridine,mobley_4291494,-4.39,0.02,-4.39,0.60,-3.118171804230121,0.3476251717188533,-3.934722338738788,0.40533783913825466
pent-1-yne,mobley_430089,0.01,0.02,0.01,0.60,2.4655000760904695,0.24104225975335294,2.6767733113297236,0.3413920481690434
propanenitrile,mobley_4305650,-3.84,0.02,-3.84,0.60,-5.919656444114454,0.26996237854946425,-1.8292530040335748,0.31017316897659186
6-chlorouracil,mobley_4338603,-15.83,0.06,-15.83,1.22,22.233331354652805,0.519204020775739,-29.07066064664476,4.639655656203398
iodomethane,mobley_4364398,-0.89,0.01,-0.89,0.60,-1.180280573686447,0.21765499200684932,1.2253768045064564,0.2716145709628094
nonane,mobley_4375719,3.13,0.03,3.13,0.60,2.7689366111228866,0.33976950464049205,2.4848845181981836,0.45487188749414575
4-chloro-3-methyl-phenol,mobley_4395315,-6.79,0.03,-6.79,0.60,-0.316159070827541,0.4787531384832724,-0.4524878444796916,0.444929930967698
chloromethane,mobley_4434915,-0.55,0.01,-0.55,0.60,1.5686722631012033,0.28051965658351696,1.184274936419696,0.20676929090726626
1-acetoxyethyl acetate,mobley_4463913,-4.97,0.10,-4.97,0.60,-23.19977686816651,1.6390647200535764,-40.362142970975746,12.328053811306377
"(Z)-1,2-dichloroethylene",mobley_4465023,-1.17,0.02,-1.17,0.60,-0.29322680265278545,0.2769144482704849,0.261771089914107,0.30429315579598637
"1,1-diphenylethene",mobley_4479135,-2.78,0.02,-2.78,0.10,-28.899039622590564,0.705982506096441,-21.003924263824082,0.6841856811693315
fluorobenzene,mobley_4483973,-0.80,0.02,-0.80,0.60,-4.408107061638782,0.24637262954862496,-1.2212809606101132,0.33481599256005834
1-bromo-4-methyl-benzene,mobley_4494568,-1.39,0.02,-1.39,0.60,-2.6836915914931136,0.32790578331120274,0.6331495364280189,0.3827008413131289
"2-bromo-2-chloro-1,1,1-trifluoro-ethane",mobley_4506634,-0.11,0.02,-0.11,0.60,-1.9064908483069938,0.27091292693465574,0.14577285016514985,0.29607107245526215
"1,4-dichlorobenzene",mobley_4553008,-1.01,0.02,-1.01,0.60,-3.166878144519237,0.32232005651689877,0.2856236260694405,0.3418817214609038
"2,3-dimethylbutane",mobley_4561957,2.34,0.02,2.34,0.60,-0.05846847468270622,0.2567417706848019,1.4818809101941421,0.3085847980676034
"2,6-dimethylpyridine",mobley_4584540,-4.59,0.02,-4.59,0.60,1.1721217931666956,0.37939206859412866,-4.532943646842009,0.41265565996973613
1-chloro-2-(2-chloroethoxy)ethane,mobley_4603202,-4.23,0.01,-4.23,0.20,1.8195620013678149,0.3252591235427465,1.8843442304035287,0.37112426263804016
ethyl paraben,mobley_4609460,-9.20,0.06,-9.20,0.30,-36.41442407688095,9.646710194081129,-34.7869498038593,0.796206235857382
1-benzylimidazole,mobley_4613090,-7.63,0.02,-7.63,0.12,-10.687935202659649,0.4434645583165858,-14.572003547716678,0.5769384779681603
methyl cyclopropanecarboxylate,mobley_4620651,-4.10,0.04,-4.10,0.60,81.48892315771211,27.51629727188247,99.26726926388862,0.7624646550963894
"1,2-dimethoxyethane",mobley_4630641,-4.84,0.02,-4.84,0.60,-1.139673208348131,0.31549085192154347,1.7878479371778937,0.45094094614518404
ethylene glycol,mobley_4639255,-9.30,0.03,-9.30,0.60,10.478038275243097,1.4014810537803408,12.492505553737807,0.548017920100214
4-propylphenol,mobley_4683624,-5.21,0.02,-5.21,0.69,-4.9990765310712355,0.5497003279254609,-4.043229931417912,0.5799179225479543
2-propoxyethanol,mobley_4687447,-6.40,0.03,-6.40,0.60,-6.534935844017731,0.5166516896530203,3.6448770191336735,0.49205212156234784
heptachlor,mobley_468867,-2.55,0.03,-2.55,0.10,-10.301356332304993,0.387888915388795,-8.153407539044846,0.5232995162715871
2-acetoxyethyl acetate,mobley_4689084,-6.34,0.06,-6.34,0.20,-22.07131834918112,0.579099703903339,-18.406580108383064,12.090723377588626
"1,2-diethoxyethane",mobley_4690963,-3.54,0.03,-3.54,0.60,-0.8058089255733325,0.42664126648358125,1.7435910604865246,0.5000447159875742
octanal,mobley_4694328,-2.29,0.03,-2.29,0.60,-3.917011839555483,0.3889151492701716,-3.6267076795179647,0.4914927370434614
"1,2-dimethylcyclohexane",mobley_4715906,1.58,0.02,1.58,0.60,-2.9639623883016593,0.34126420535001334,2.7926691839919804,0.46272684704377687
1-iodoheptane,mobley_4759887,0.27,0.03,0.27,0.60,-0.6695686253409096,0.3703905073507591,2.0143905314717525,0.4382796537918202
hept-1-ene,mobley_4762983,1.66,0.02,1.66,0.60,0.8298135033537424,0.34200255594998535,-0.4842642765335454,0.35629823865437105
pentanoic acid,mobley_4792268,-6.16,0.06,-6.16,0.60,-6.909981352580184,0.37355432304194497,-9.674730103349592,0.42922172641189865
hexachlorobenzene,mobley_4845722,-2.33,0.04,-2.33,1.16,-6.5764730156875455,0.31011701137499526,-0.8907891806357666,0.4809050553644753
methanesulfonyl chloride,mobley_4850657,-4.87,0.02,-4.87,0.60,-4.71144839090095,0.35660082706997676,-2.2708572799657665,0.4659052098578193
"2,6-dimethoxyphenol",mobley_486214,-6.96,0.02,-6.96,0.10,-22.282385384266618,0.58856832505745,1.663413380527647,0.6865302005684197
3-ethylpyridine,mobley_4884177,-4.59,0.02,-4.59,0.60,-11.152087481347735,0.37247050313925384,-8.285398770594213,0.42572903382401467
pentanenitrile,mobley_4893032,-3.52,0.02,-3.52,0.60,-4.764835066460728,0.33628181512848626,-2.195107347577715,0.3779304344380378
isopentyl formate,mobley_4924862,-2.13,0.02,-2.13,0.60,-9.091301407946492,0.39807773789971607,-10.158165395777944,0.41083715063813303
hept-1-yne,mobley_49274,0.60,0.02,0.60,0.60,-0.653873573601002,0.34929444995089687,-1.001418497405111,0.36414489271716394
diethoxymethoxybenzene,mobley_4934872,-5.23,0.04,-5.23,0.60,-27.075075203725234,1.1388480979654803,-42.41142550355093,0.6774256746525591
nitroxyacetone,mobley_4964807,-5.99,0.02,-5.99,0.10,-14.350020779918438,0.3789635296734459,-2.1845538120649266,0.45596641295761386
ethylsulfanylethane,mobley_4983965,-1.46,0.02,-1.46,0.60,1.549343864323348,0.2787496646390627,2.230550598672022,0.34681945656315366
4-(1-Methylethenyl)-1-cyclohexene-1-carboxaldehyde,mobley_5006685,-4.09,0.02,-4.09,0.17,-18.6958365525758,0.3937386028029208,-13.85805990164275,0.46941356584281757
pyridine-4-carbonitrile,mobley_5026370,-6.02,0.02,-6.02,0.60,-5.281340600831804,0.37233238369366467,3.4469945057378872,0.36419024634922403
1-propylsulfanylpropane,mobley_5052949,-1.28,0.02,-1.28,0.60,-2.4984639792245984,0.2948529715409879,2.945491658795543,0.4305072250521279
2-methyltetrahydrofuran,mobley_5056289,-3.30,0.02,-3.30,0.60,-0.47495593992279495,0.30719776594293,0.5083700764120983,0.3695597813218109
2-nitrophenol,mobley_5063386,-4.58,0.03,-4.58,0.60,-21.860670650870734,0.45173387354526495,-26.956240515915923,0.5810973009022062
heptan-1-ol,mobley_5079234,-4.21,0.02,-4.21,0.60,-1.8416284714295075,0.4106499337037078,-3.3561502852880407,0.4814674766797673
indane,mobley_5094777,-1.46,0.02,-1.46,0.60,-6.474165874554677,0.4015310619017965,-4.078862822796641,0.4137784963217338
"2,6-dimethylnaphthalene",mobley_5110043,-2.63,0.03,-2.63,0.60,-7.313534472748354,0.4225319415409442,-3.077105827887362,0.4507485397284878
butadiene,mobley_511661,0.56,0.10,0.56,0.20,3.9150557063460822,0.29291547333072915,5.520228316831561,0.32223041051661794
4-methylpentan-2-ol,mobley_5123639,-3.73,0.02,-3.73,0.60,4.116491510288423,0.42504324242829783,-3.539177917083027,0.4288654616125699
isobutane,mobley_5157661,2.30,0.10,2.30,0.20,4.559136165725308,0.263232783090907,3.0571284659238565,0.2856192072365004
aldicarb,mobley_5200358,-9.84,0.05,-9.84,0.10,-42.04684347808422,0.5785535545532342,-10.434096529917337,0.5173511331338815
2-ethylpyrazine,mobley_5220185,-5.45,0.03,-5.45,0.60,-13.66527961334775,0.36337797686148665,-5.441002898220728,0.43461366827081077
methanethiol,mobley_525934,-1.20,0.10,-1.20,0.20,-1.7010479117642245,0.22052726223915614,0.7518715318741946,0.2476847426644953
1-ethylnaphthalene,mobley_5263791,-2.40,0.03,-2.40,0.60,-16.828185662415475,0.45189522902053364,-13.659379146426206,0.5860489589013538
"1,2-dinitroxyethane",mobley_52782,-5.73,0.02,-5.73,0.10,-16.100140640434176,0.4008003048375924,-3.4685676726883266,0.40416424907772985
"1,4-dichlorobutane",mobley_5286200,-2.32,0.02,-2.32,0.60,-3.136219885545516,0.3306998337383404,1.1034278501067019,0.3942607060300143
hex-1-ene,mobley_5310099,1.58,0.02,1.58,0.60,0.24251308773548264,0.27523004495852577,2.893816899196266,0.38179012878882895
phenylmethanol,mobley_5311804,-6.62,0.03,-6.62,0.60,-4.885095132246018,0.44119759503382155,2.1708031281651463,0.5514814882342519
"N,N-dimethylaniline",mobley_5326154,-3.45,0.02,-3.45,0.60,-6.910325599612298,0.4047195308231297,-2.9911964065638896,0.4089044247923118
"3,3-dimethylbutan-2-one",mobley_5346580,-3.11,0.02,-3.11,0.60,-24.499420501744563,0.3661159020661758,-8.537526702094935,0.402177193510137
"2,2-dichloro-1,1-difluoro-1-methoxy-ethane",mobley_5347550,-1.12,0.02,-1.12,0.60,-6.578379336510072,0.33307047838283477,-2.463642419506959,0.3547480219373966
2-chlorodibenzo-p-dioxin,mobley_5371840,-3.10,0.02,-3.10,0.10,-16.70649485752212,0.585944595281906,0.3175410523279263,0.48755315891646905
cumene,mobley_5445548,-0.30,0.02,-0.30,0.60,-6.64554513069457,0.40475550237884156,-7.531525555301482,0.41966595986765004
n-pentane,mobley_5449201,2.30,0.10,2.30,0.20,2.4099719744280703,0.2564650315952556,2.36442649509917,0.2807784243476246
"1,2,3,4,5-pentachloro-6-(2,3,4,5,6-pentachlorophenyl)benzene",mobley_5456566,-2.98,0.06,-2.98,1.00,-15.487922564133743,16.676957517990818,-7.654341129070531,17.071659074004973
4-tert-butylphenol,mobley_5467162,-5.91,0.04,-5.91,0.60,-12.537390457502646,0.5084267610377347,-13.952525298496285,0.7373596715050504
isopentyl acetate,mobley_5471704,-2.21,0.03,-2.21,0.60,-9.367557291670765,0.4507675324344879,-8.009709840464485,0.4828747014621909
"1,1,2,3,3,3-hexafluoroprop-1-ene",mobley_5494918,2.93,0.02,2.93,0.60,-0.4926393194071004,0.261529286168859,-7.454932071198151,0.32128641428020177
1-methylimidazole,mobley_5499659,-8.41,0.03,-8.41,0.60,-6.506332583996466,0.3852884366519921,-2.931985806988283,0.3821718588375742
"1,2,3,4-tetrachlorodibenzo-p-dioxin",mobley_5510474,-3.81,0.03,-3.81,0.14,-12.025039884218454,0.3652396022346414,-3.3421628875690366,0.5102227526536364
benzenethiol,mobley_5520946,-2.55,0.02,-2.55,0.60,-0.941464709195472,0.3642121306656502,-0.7812001022293327,0.3468077020909338
"1,3,5-trichloro-2-phenyl-benzene",mobley_5538249,-2.16,0.03,-2.16,0.10,-12.63368717269613,0.38807127305471023,-13.736841904828115,0.46133713858073433
"1,3,5-trichloro-2-(2,6-dichlorophenyl)benzene",mobley_5561855,-1.96,0.04,-1.96,0.10,-10.533452826126656,9.190071137556638,-7.846664881423652,0.6844262711161165
"4-methoxy-N,N-dimethyl-benzamide",mobley_5600967,-11.01,0.04,-11.01,0.60,-46.05961109633808,0.6077930924105873,-43.63531819916434,0.6033829570234831
2-methylpropanal,mobley_5627459,-2.86,0.02,-2.86,0.60,-14.628655660791928,0.32273341093658614,-4.1460724543423915,0.3946201320632652
ammonia,mobley_5631798,-4.29,0.01,-4.29,0.60,-1.215893030348167,0.33407333029275543,-1.3118358908580037,0.26439237908992314
"1,3-dimethylnaphthalene",mobley_5665561,-2.47,0.03,-2.47,0.60,-9.862046340561186,0.4539472566201558,-8.203781248947013,0.5245186600893845
"hexa-1,5-diene",mobley_5690766,1.01,0.02,1.01,0.60,-2.4213900940744724,0.3051562191540865,-1.049720661490369,0.36554586228114966
N-methylmethanamine,mobley_5692472,-4.29,0.02,-4.29,0.60,-2.4851336790601897,0.3131559312572799,-1.0941796512543716,0.32787044186938136
dicamba,mobley_5708811,-9.86,0.04,-9.86,1.93,-27.822777124856636,0.8705121995938944,-52.263968562093304,0.6367855775741372
4-methyl-1H-imidazole,mobley_5732611,-10.27,0.03,-10.27,0.60,-3.8959219409078876,0.40550758870880527,-4.0630059543624375,0.40182135624272
1-methyl-2-nitro-benzene,mobley_5747188,-3.58,0.02,-3.58,0.60,-10.47669869761038,0.3835529465384493,-11.922523640807318,0.4518401287125054
pentan-1-ol,mobley_5759258,-4.57,0.02,-4.57,0.60,-1.7222377310277717,0.42693601334724673,-0.4797235396488526,0.4206392414569095
dimethyl sulfate,mobley_5760563,-5.10,0.02,-5.10,0.60,-48.29497226504221,0.4742175314769141,-22.91120692405348,0.44741782765789007
2-methoxyethanol,mobley_5816127,-6.62,0.03,-6.62,0.40,-4.829396680620441,0.37870172759812754,8.207889210149487,1.1221001268679909
methylcyclopentane,mobley_5852491,1.59,0.02,1.59,0.60,3.337572501611157,0.2691168603799784,4.123360032907371,0.3170609256956021
quinoline,mobley_5857,-5.72,0.02,-5.72,0.60,-17.704613169468345,0.3981815596633909,-10.082827738110566,0.43165799853615466
2-butoxyethanol,mobley_5880265,-6.25,0.03,-6.25,0.60,2.096184059684713,0.6305693103299693,14.89293436309626,0.6515663503158095
hexylbenzene,mobley_588781,-0.04,0.03,-0.04,0.60,-8.397512345130899,0.43969363157734465,-5.56378287567422,0.485661217447616
propyl propanoate,mobley_5890803,-2.44,0.02,-2.44,0.60,-20.751704580096995,0.4285255245084389,-10.273431971801566,0.42979631884313935
ethyldisulfanylethane,mobley_590519,-1.64,0.02,-1.64,0.60,-1.888364279418637,0.34682849480188466,1.6118283200928403,0.3886211299949314
4-methyl-2-methoxyphenol,mobley_5917842,-5.80,0.02,-5.80,0.10,-17.548179397455595,0.6913889170152059,-6.751510395550188,0.7333284429901914
"2,2-dimethylbutane",mobley_5935995,2.51,0.02,2.51,0.60,5.190730551030358,0.2909183095188279,6.395897800087793,0.35176772959407254
"1,1,2,2-tetrachloroethylene",mobley_5952846,0.10,0.02,0.10,0.60,1.176253431867712,0.2832913573019121,1.871831085961043,0.3066376665496564
3-methylbutan-1-ol,mobley_5973402,-4.42,0.03,-4.42,0.60,2.151637501107807,0.42913899798203753,-3.2132980308459467,0.4222844275345307
3-methylpyridine,mobley_5977084,-4.77,0.02,-4.77,0.60,-12.472419708606921,0.37682742767711247,-2.901094603289061,0.3364579091974336
1-nitrobutane,mobley_6006813,-3.09,0.02,-3.09,0.60,-5.401354210432635,0.35684276938568793,-2.2792675140312766,0.3340854622780408
diflunisal,mobley_6055410,-9.40,0.10,-9.40,0.20,-47.29787306521861,1.8602798085055139,-59.08061702388824,1.3138160300090813
hexan-1-amine,mobley_6060301,-3.95,0.02,-3.95,0.60,-2.138245801695222,0.40886676846707737,-0.05356082947119045,0.5066245472767043
ethylene,mobley_6091882,1.28,0.01,1.28,0.60,2.54726601271672,0.19561373194206777,2.9849277140601953,0.21733360415136613
diphenyl ether,mobley_6102880,-2.87,0.02,-2.87,0.69,-17.809540943014387,0.534980180377851,-21.74473573551649,0.5105473176458719
trimethyl phosphate,mobley_6115639,-8.70,0.06,-8.70,0.10,-63.87899065531658,0.5913597323635468,-33.99714298320919,0.5396786153109651
4-methylbenzaldehyde,mobley_6175884,-4.27,0.03,-4.27,0.60,-15.599463371812096,0.37186224515226673,-17.41050298005728,0.46571952561996455
"1,1,2,2-tetrachloroethane",mobley_6190089,-2.37,0.02,-2.37,0.10,-2.107122564223267,0.30669224399911643,0.9254660865300279,0.37862328103397896
"2,3-diacetoxypropyl acetate",mobley_6198745,-8.84,0.10,-8.84,0.20,-33.31138349948675,0.9612949218857836,-13.163321917645078,3.0986426600087666
pyridine-3-carbaldehyde,mobley_6232400,-7.10,0.03,-7.10,0.60,-18.31155306927347,0.3941753586507285,-33.25716554381608,0.42330301055598124
2-chlorobutane,mobley_6235784,0.00,0.02,0.00,0.60,-1.1369030229548946,0.2980817570236663,119.88722724436373,0.30104768024013673
octan-1-amine,mobley_6248915,-3.65,0.03,-3.65,0.60,-7.211716357245585,0.4754123730991471,-3.5971606774474543,0.505130937317487
1-iodohexane,mobley_6250025,0.08,0.02,0.08,0.60,-0.9749391651295205,0.3127397610073341,0.4708322712777224,0.41993921976402926
azetidine,mobley_6266306,-5.56,0.02,-5.56,0.60,-0.46389965497614927,0.29415201058288865,-2.455686421445171,0.3084428279145343
1-bromo-2-methyl-propane,mobley_627267,-0.03,0.02,-0.03,0.60,-0.10215460578748992,0.2659747959293288,1.31240421017844,0.33293291916071066
"1,1,1-trifluoropropan-2-ol",mobley_628086,-4.16,0.03,-4.16,0.60,-23.435768579799902,0.5821781606322521,-3.9242815425180346,0.5266999980085898
"1,3-dichloro-2-(2,6-dichlorophenyl)benzene",mobley_628951,-2.28,0.04,-2.28,0.12,-16.515237813542583,0.5769312489454251,-14.116387240594653,12.5958485268406
4-ethylpyridine,mobley_6303022,-4.73,0.02,-4.73,0.60,2.6117876426933417,0.3982095330718726,-5.263073967685537,0.4337422896723792
piperidine,mobley_6309289,-5.11,0.02,-5.11,0.60,-2.8953298609558002,0.3203587862138528,-5.648619392724177,0.4139012520762632
1-(4-methoxyphenyl)ethanone,mobley_632905,-4.40,0.03,-4.40,0.60,-29.055178790472187,0.429328788818228,-26.337640552341764,0.5011627132680814
1-(3-pyridyl)ethanone,mobley_6353617,-8.26,0.03,-8.26,0.60,-22.87484145699126,0.40890244461078584,-45.96624692429914,0.47736127427443664
"1,2-bis(trifluoromethyl)benzene",mobley_6358463,1.07,0.03,1.07,0.60,-25.743186156841794,0.4110139755212163,-0.2793830526839898,0.4837607550449837
carbon tetrachloride,mobley_6359135,0.08,0.02,0.08,0.60,2.803584937562262,0.3099875356190839,2.678178887004634,0.28347825977501306
"1,4-dichloro-2-phenyl-benzene",mobley_6359156,-2.46,0.03,-2.46,0.10,-13.832336247604967,0.4954859267891318,-11.092846046817773,0.5237245423501553
1-methylpiperidine,mobley_63712,-3.88,0.02,-3.88,0.60,-3.615588683530656,0.31905961588836634,-3.746048072437385,0.4259830454263235
anthracene,mobley_637522,-3.95,0.03,-3.95,0.60,-18.070197014080343,0.556818125006309,-15.337026264497641,0.6173817929630735
propylcyclopentane,mobley_6416775,2.13,0.02,2.13,0.60,2.725088936288074,0.3455944113504536,3.125667313428896,0.46987936724987633
propylbenzene,mobley_6430250,-0.53,0.02,-0.53,0.60,-7.280071707757457,0.3500458315416148,-4.001361109906206,0.39700652957724497
isobutyl 2-methylpropanoate,mobley_6456034,-1.69,0.03,-1.69,0.60,-34.34507385870936,0.4166200755968077,-12.05893165205259,0.5167902939639692
pyrrolidine,mobley_646007,-5.48,0.02,-5.48,0.60,5.215118817373433,0.31107133795081565,-0.08567892882399097,0.3174463814185965
chloroethylene,mobley_6474572,-0.59,0.02,-0.59,0.60,1.4437402764760368,0.22346935005815896,2.0915637570267442,0.2163805158582508
but-2-enal,mobley_6497672,-4.22,0.02,-4.22,0.60,-3.998111747406658,0.30855775185474266,-3.0115647365898393,0.32980553561677495
1-methylcyclohexene,mobley_6571751,0.67,0.02,0.67,0.60,0.9868961063518595,0.2720678219842717,0.9001580616100986,0.3529116427210678
ethyl pentanoate,mobley_6619554,-2.49,0.03,-2.49,0.60,-15.165573876643048,0.41869865400792844,-18.70675162107218,0.4687706245676789
carbofuran,mobley_6620221,-9.61,0.04,-9.61,0.30,-38.85241914212149,0.570951635072617,-21.718181934824425,0.7686219258594226
propanal,mobley_6632459,-3.43,0.02,-3.43,0.60,-8.997524030807183,0.33430537350820055,-3.6250251592794123,0.3462793517994319
diiodomethane,mobley_664966,-2.49,0.02,-2.49,0.60,-1.0145840891031115,0.24168039381548193,0.8378838731234071,0.2829572329288747
"1,2,3,4-tetrachloro-5-(2,3,4-trichlorophenyl)benzene",mobley_667278,-4.40,0.08,-4.40,0.10,-14.549481524055675,0.4041530246012475,-7.0858752954622055,0.649876096215979
"3,5-dichloro-2,6-dimethoxyphenol",mobley_6688723,-6.44,0.02,-6.44,0.38,-24.063451139723863,0.7686476384446133,-7.171492626739182,0.7591908545091751
methanamine,mobley_6714389,-4.55,0.01,-4.55,0.60,-1.4572853186106876,0.33050683611906095,-0.8810884284034408,0.33914602792272824
2-(nitrooxy)ethan-1-ol,mobley_6727159,-8.18,0.03,-8.18,0.10,-12.653814818979367,0.46703179000239287,-3.7181532148708243,0.3788888260928603
"1,4-dioxane",mobley_6739648,-5.06,0.02,-5.06,0.60,0.3316288083989818,0.3479977814006557,-3.6584248225809457,0.3220514472174661
"3,4-dimethylphenol",mobley_6743808,-6.50,0.03,-6.50,0.60,-1.0699287808167943,0.444806103021678,-3.708964765435386,0.4884209716500861
tetrafluoromethane,mobley_676247,3.12,0.01,3.12,0.60,1.400775797335725,0.17716528886163768,2.015261974185221,0.25657117851573136
"1,2,4,5-tetrachlorobenzene",mobley_6804509,-1.34,0.02,-1.34,0.60,-5.549749418217052,0.3153542451755357,-1.8105703173449483,0.34299287215188823
hexane,mobley_6812653,2.48,0.02,2.48,0.60,0.8210420864289043,0.2527014004081097,2.1823746016310777,0.3422461906332563
"1,2,2-trifluoroethoxybenzene",mobley_6843802,-1.29,0.02,-1.29,0.60,-5.443119411330502,0.40636264396705607,-6.772951946008249,0.47418719714553176
isopropyl formate,mobley_6854178,-2.02,0.02,-2.02,0.60,-3.075641333313481,0.3490688214992505,-10.719284896596456,0.37841460740835725
fenuron,mobley_6861308,-9.13,0.04,-9.13,1.93,-22.63526638356018,0.6399401512546741,-24.348047827941347,0.6287502699635992
3-methylheptane,mobley_6896128,2.97,0.03,2.97,0.60,1.6102192393703723,0.3511280946267217,2.9160626315876215,0.40265017130175873
methoxyethane,mobley_6911232,-2.10,0.02,-2.10,0.60,0.28777224139880364,0.2691799244551798,0.9667982513334782,0.3906584884403312
2-methoxyethanamine,mobley_6917738,-6.55,0.03,-6.55,0.60,-10.138645925229481,0.379629972218362,1.1860752730842812,0.4864889829822976
methyl 2-chloroacetate,mobley_6929123,-4.00,0.02,-4.00,0.60,-9.669996141879526,0.3564586314621827,-7.465547704513326,0.36683289531695
"(3R)-3,7-Dimethylocta-1,6-dien-3-yl acetate",mobley_6935906,-2.49,0.02,-2.49,0.85,-18.586670511800108,0.5580068103428301,-33.98345002795036,0.6106706297465169
ethyl acetate,mobley_6973347,-2.94,0.02,-2.94,0.60,-6.898368938086322,0.36112878712270874,-8.558496493936987,0.3662756573251194
2-ethylpyridine,mobley_6988468,-4.33,0.02,-4.33,0.60,-8.429394622540158,0.36682543538221407,-8.355410926091501,0.40417542185005056
"3,5-dimethylphenol",mobley_7009711,-6.27,0.03,-6.27,0.60,10.539091565168643,0.43077432343010386,-3.772292466824224,0.4664324509091555
cyclohexanol,mobley_7010316,-5.46,0.02,-5.46,0.60,-3.76682625782682,0.35551134329033285,-3.343736541158466,0.4632854043016822
methoxymethane,mobley_7015518,-1.91,0.02,-1.91,0.60,-0.34245525323368337,0.2697657282086523,1.048369505137706,0.28873470089363246
phenanthrene,mobley_7017274,-3.88,0.03,-3.88,0.60,-28.771882310883655,0.5625995633455122,-21.48880668451411,0.6280300042233197
2-chloro-2-methyl-propane,mobley_7047032,1.09,0.02,1.09,0.60,4.895271501706038,0.27988823788301886,3.0677304754487227,0.35607321338485376
3-chloroprop-1-ene,mobley_7099614,-0.57,0.02,-0.57,0.60,0.5327056863024128,0.23739698712881754,3.2731479631621956,0.3901744790558546
isohexane,mobley_7106722,2.51,0.02,2.51,0.60,3.640750012101174,0.31696836760989927,1.7737242953967263,0.3108073296860718
pentan-1-amine,mobley_7142697,-4.09,0.02,-4.09,0.60,-4.765183425910619,0.35715429437105345,-6.59529731088379,0.4246945988777153
"1,4-dibromobenzene",mobley_7150646,-2.30,0.02,-2.30,0.60,-3.877563887803592,0.3473289842352919,-1.2579367644193802,0.4077783108753734
1-chloroheptane,mobley_7157427,0.29,0.03,0.29,0.60,-1.3696479145030467,0.35852914710883427,3.4206198867148254,0.34978612447472784
3-nitrophenol,mobley_7176290,-9.62,0.03,-9.62,0.60,-7.072156747442918,0.5802397597562458,-5.474731004868549,0.5110691227676694
2-fluorophenol,mobley_7200804,-5.29,0.03,-5.29,0.60,-14.792407239625199,1.538315589219893,-0.3571529922579768,0.5387346912039577
hexanamide,mobley_7203421,-9.31,0.03,-9.31,0.60,-16.75097736105337,0.49019552701048075,-17.732200623687053,0.49279299517186614
pentan-3-ol,mobley_7227357,-4.35,0.02,-4.35,0.60,-6.5107953250591555,0.35418877898900514,-2.295649088288034,0.36656577133920654
1-chlorodibenzo-p-dioxin,mobley_7239499,-3.52,0.02,-3.52,0.10,-18.865176476038723,0.3937307673638265,-3.428932266250672,0.5545825228898132
hydrazine,mobley_7261305,-9.30,0.02,-9.30,0.60,-4.859631031530511,0.30794620550163665,-1.9703611796856386,0.3876056710629485
anisole,mobley_7295828,-2.45,0.02,-2.45,0.60,-6.64977621891877,0.3333906329576106,-3.2260175297839857,0.4245608848626023
1-methyl-3-nitro-benzene,mobley_7298388,-3.45,0.02,-3.45,0.60,-14.972602235454774,0.36091496586971633,-9.269123349373253,0.4122765656862058
propan-2-ol,mobley_7326982,-4.74,0.02,-4.74,0.60,9.25287050109106,0.3213645021463799,4.053354530571995,0.39615619689306564
undecan-2-one,mobley_7375018,-2.15,0.03,-2.15,0.60,-8.801252971489564,0.5608820547187356,-5.236312839673085,0.47479577956563257
caffeine,mobley_7378987,-12.64,0.07,-12.64,0.74,-79.17288298939783,0.6516314907525743,-133.65007159956582,25.713598282306723
methyl 4-methoxybenzoate,mobley_7393673,-5.33,0.03,-5.33,0.60,-42.66577856395086,0.5174705016154925,-38.47743098586414,0.6467654047340836
"N,N-dimethyl-4-nitro-benzamide",mobley_7415647,-11.95,0.04,-11.95,0.60,-62.10550773029059,0.5463929979184069,-39.21241136459166,0.6854778365558576
2-ethoxyethyl acetate,mobley_7417968,-5.31,0.02,-5.31,0.10,-10.16795357704082,0.3940706990215545,-3.5749341288229726,0.46653468907016304
isobutyl formate,mobley_7455579,-2.22,0.02,-2.22,0.60,-12.139652865194574,0.3606181030378882,-6.652494013312952,0.40819126511004983
"N-(3,4-dichlorophenyl)propanimidic acid",mobley_7463408,-7.78,0.04,-7.78,1.93,-16.895888657560214,0.5180706469023373,-19.679208413066583,0.5816658793213665
3-phenylpropan-1-ol,mobley_7463799,-6.92,0.03,-6.92,0.60,-6.388529298834326,0.6409920254572621,-6.128944374589979,1.0754955498541863
1-phenylethanone,mobley_7497999,-4.58,0.03,-4.58,0.60,-17.82760106622267,0.4421149051756227,-17.10209387027378,0.4768074906799682
acetonitrile,mobley_7532833,-3.88,0.01,-3.88,0.60,-2.6633278145008346,0.26548381624510925,-0.44233145333267,0.27933472197490467
propyl acetate,mobley_7573149,-2.79,0.02,-2.79,0.60,-8.87826881531469,0.35991184827882544,-9.222388805757532,0.37792983031687605
bromoform,mobley_7578802,-2.13,0.02,-2.13,0.60,-0.6863052604132056,0.23580073279218822,2.6041552383678326,0.3012856547078029
bromobenzene,mobley_7599023,-1.46,0.02,-1.46,0.60,-1.00981701698175,0.34161079978663655,0.26837207036279986,0.346445476047497
methyl octanoate,mobley_7608435,-2.04,0.03,-2.04,0.60,-18.97891454616194,0.4955412971888418,-13.217064205612129,0.5527854657278191
chlorobenzene,mobley_7608462,-1.12,0.02,-1.12,0.60,-3.7490446210841473,0.28993091771810997,0.381995665196738,0.3837140362892758
"1,1,2-trichloroethylene",mobley_766666,-0.44,0.02,-0.44,0.60,-0.9974786107970746,0.2094851131682843,2.8480447035323864,0.3019913578703767
6-isopropyl-3-methyl-1-cyclohex-2-enone,mobley_7676709,-4.51,0.02,-4.51,0.10,-11.710406525899351,0.5214580259516158,-18.273814015384104,0.45619537611930516
3-hydroxybenzaldehyde,mobley_7688753,-9.52,0.03,-9.52,1.90,-10.854209815500816,0.5041971813625026,-2.8750825651970793,0.5512564383377891
methyldisulfanylmethane,mobley_7690440,-1.83,0.02,-1.83,0.60,0.4023712682120766,0.28230071797406564,0.6561814069929714,0.34577396207208894
1-bromopropane,mobley_7708038,-0.56,0.02,-0.56,0.60,-0.3616172708115797,0.24839015010245666,3.9413544532504075,0.3632698829898799
bromo-trifluoro-methane,mobley_7732703,1.79,0.02,1.79,0.60,1.7751072544033653,0.2528881013697846,4.750790545804122,0.3030750989930723
imidazole,mobley_7735340,-9.63,0.03,-9.63,0.60,-6.267535275848242,0.3887963187274529,-6.729997059466513,0.29999455046909357
propionic acid,mobley_7758918,-6.46,0.03,-6.46,0.60,-11.725840526495215,0.407966582545694,-5.126219821092761,0.42124654011489404
1-bromo-2-chloro-ethane,mobley_7768165,-1.95,0.02,-1.95,0.60,-0.29957721682964716,0.31684551946116,3.539899131124465,0.3810008035163397
2-bromo-2-methyl-propane,mobley_7769613,0.84,0.02,0.84,0.60,4.050596131407621,0.28807797681225716,3.238976563656408,0.3250996551852368
N-methylaniline,mobley_7774695,-4.69,0.03,-4.69,0.60,-0.7238381921772183,0.40321498169996145,-4.254034418361193,0.4289272446659635
2-methylbut-2-ene,mobley_778352,1.31,0.02,1.31,0.60,4.560850111085884,0.27476019763262166,5.224994469414409,0.3395589031755667
5-trifluoromethyluracil,mobley_7794077,-15.46,0.07,-15.46,0.16,-12.76634440865729,15.99642423909348,-107.30408224083835,9.493495472646604
"1,2,4-trichlorobenzene",mobley_7814642,-1.12,0.02,-1.12,0.60,-3.2827926833694265,0.28982194872496175,0.5756730941879122,0.31618508583918475
heptanal,mobley_7859387,-2.67,0.03,-2.67,0.60,-5.006755764040554,0.4168675713261225,-4.153941074986935,0.481934200379346
N-butylbutan-1-amine,mobley_7860938,-3.24,0.03,-3.24,0.60,0.8342533374213881,0.3881310222561907,-0.07538007096053345,0.5180256355889536
[(2S)-butan-2-yl] nitrate,mobley_7869158,-1.82,0.02,-1.82,0.10,-9.257576233153147,0.3856934017196814,-3.7210262821215805,0.4534029054203683
tert-butylbenzene,mobley_7893124,-0.44,0.03,-0.44,0.60,-7.240417348503347,0.3414015591588029,-9.21982750702811,0.4754754680300514
butyl paraben,mobley_7912193,-8.72,0.06,-8.72,0.27,-40.482682765294584,0.5940418687822984,-38.17147515012005,1.0024583616337561
ethyl propanoate,mobley_7943327,-2.68,0.02,-2.68,0.60,-17.379286507478326,0.43657720444215875,-13.51784179527397,0.3972264221304835
hexan-3-ol,mobley_7977115,-4.06,0.02,-4.06,0.60,-5.719443398541124,0.32360143686376913,-3.0998619958382645,0.4282616994191203
2-methylbutan-1-ol,mobley_7983227,-4.42,0.02,-4.42,0.60,-6.644391412021428,0.32860540633831037,0.19039221801685668,0.561388685783594
cyclopentane,mobley_8006582,1.20,0.02,1.20,0.60,4.141956207417458,0.2605606487146928,2.9138454774665923,0.277887750238914
"N,N-dimethylformamide",mobley_8011706,-7.81,0.03,-7.81,0.60,-18.984448423013735,0.35511890611197305,-9.47482178004423,0.3652602931840602
acetamide,mobley_8048190,-9.71,0.03,-9.71,0.60,4.535503535046333,0.35545074446836505,-1.1152778934521181,0.3568234651805187
3-chlorophenol,mobley_8057732,-6.62,0.03,-6.62,0.60,4.261753770474202,0.4563004422887473,-1.050526516381888,0.3983956278545796
endrin,mobley_8117218,-4.82,0.07,-4.82,0.10,-82.1185157761805,0.506657459986824,-83.80127069394948,0.5042206099823727
prop-2-en-1-ol,mobley_8118832,-5.03,0.03,-5.03,0.60,-0.20577654721631689,0.3695513430040016,3.688350820752001,0.40436143064996555
ethylbenzene,mobley_8127829,-0.79,0.02,-0.79,0.60,-3.65554710022624,0.3237212890128149,-4.3455484693321385,0.40316841868855935
"(2E)-3,7-dimethylocta-2,6-dien-1-ol",mobley_819018,-4.45,0.02,-4.45,0.24,-3.562885508474926,0.46723437223466746,-1.7347530552266068,0.4848291605040647
"2-chloro-1,1,1-trifluoro-ethane",mobley_8191186,0.06,0.02,0.06,0.60,-0.8972477268977621,0.2452733777813472,-1.412842413290204,0.2441037477242384
butyric acid,mobley_820789,-6.35,0.03,-6.35,0.60,-11.680029026979767,0.40368769378412805,-11.042519374993262,0.4036611221613172
"1,2,3,4-tetrachloro-5-(2,3,4,6-tetrachlorophenyl)benzene",mobley_8208692,-4.61,0.05,-4.61,0.25,-9.73252003103893,0.630076778230452,-5.5370109524119115,1.4752352258422812
butanenitrile,mobley_8221999,-3.64,0.02,-3.64,0.60,-5.55711948691743,0.2915041517762794,-2.284908821309873,0.3280130971212525
prop-1-yne,mobley_8260524,-0.48,0.01,-0.48,0.60,1.8370816792749034,0.21301287843010788,2.3943133696791583,0.26058383010143904
"1,2,4,5-tetrachloro-3-(3,4-dichlorophenyl)benzene",mobley_8311303,-4.38,0.04,-4.38,0.22,-15.658743974272882,0.476735818142241,-8.479155542127081,0.5771890701750249
chloro-difluoro-methane,mobley_8311321,-0.50,0.02,-0.50,0.60,0.8411318275824247,0.24519446863740563,0.6037382848622226,0.27025741104737316
1-nitroethane,mobley_8320545,-3.71,0.02,-3.71,0.60,-7.233664618596359,0.2616095720339291,-0.7251692395201149,0.260714827594626
"(1R,2S,5R)-2-isopropyl-5-methylcyclohexanol",mobley_8337722,-3.20,0.02,-3.20,0.28,-27.883696128176442,3.815102731455388,-12.548162717817167,0.6375673901578591
4-methylpentan-2-one,mobley_8337977,-3.05,0.02,-3.05,0.60,-5.3085385149520405,0.40033621848545226,-4.826431324533858,0.4056636022282365
N-ethylethanamine,mobley_8426916,-4.07,0.02,-4.07,0.60,6.822577837640517,0.3202198030398952,1.067556913718346,0.3385447894159155
propionamide,mobley_8427539,-9.40,0.10,-9.40,0.20,-9.26842468905743,0.4663019403103839,-5.144137041982958,0.4371514051356501
"2,4-dimethylpentane",mobley_8436428,2.83,0.03,2.83,0.60,-2.241221197661421,0.27528017317856407,0.943134661515586,0.3817124649721069
"N,N-diethylethanamine",mobley_8449031,-3.22,0.03,-3.22,0.60,3.916364079819707,0.4715997992293587,-0.08234739072485375,0.39844545257787867
hept-2-ene,mobley_8467917,1.68,0.02,1.68,0.60,-0.1361333235350699,0.3159381172540243,4.347499796805068,0.37862765179009805
pentanal,mobley_8492526,-3.03,0.02,-3.03,0.60,-4.042101705758393,0.3896385562830683,-2.3535627339822236,0.39938818611797827
pentyl acetate,mobley_8514745,-2.51,0.03,-2.51,0.60,-10.975069637510932,0.40259561665071336,-10.558405517859615,0.4981991516907852
oct-1-yne,mobley_8522124,0.71,0.03,0.71,0.60,0.21046710063316576,0.3682621780962267,1.8356452435465536,0.42893291954670654
1-iodopentane,mobley_8525830,-0.14,0.02,-0.14,0.60,0.8386422612781157,0.3509386721951353,-0.732581158758091,0.3277191591610333
4-fluorophenol,mobley_852937,-6.19,0.03,-6.19,0.60,0.6771180284386569,0.511908968315168,6.955947252447786,0.4658168145866869
4-methylmorpholine,mobley_8558116,-6.32,0.03,-6.32,0.60,0.36972238565613946,0.4451826585568262,-1.4078616954419567,0.4258311169489742
butanal,mobley_8573194,-3.18,0.02,-3.18,0.60,-5.989900501981527,0.2953607952345205,-5.091410631820981,0.359774393389635
methylsulfinylmethane,mobley_8578590,-9.28,0.03,-9.28,0.57,-2.028569004340489,0.3441428140860744,-4.332524535558602,0.34559981466441425
isobutyl acetate,mobley_859464,-2.36,0.02,-2.36,0.60,-14.398924200377508,0.3839593044982523,-6.83303453268232,0.4205327464771094
heptane,mobley_8614858,2.67,0.02,2.67,0.60,2.487446913970479,0.36749641133754224,3.5841034104876766,0.41160428436798124
"2,3-dimethylpentane",mobley_8668219,2.52,0.03,2.52,0.60,-2.1867467237861056,0.2708287647593845,1.489869008666863,0.3594876659538192
"2-bromo-1,1,1,2-tetrafluoro-ethane",mobley_8685905,0.50,0.02,0.50,0.60,-0.18857206709799573,0.2707654574883335,0.06559220853413905,0.30506344322018897
"N,N-dipropyl(propylsulfanyl)formamide",mobley_8713762,-4.13,0.04,-4.13,1.36,-40.745627194494595,0.578295287870083,-20.477923952479827,0.6328682144088307
4-chloroaniline,mobley_8723116,-5.90,0.02,-5.90,0.60,2.1230151527575427,0.39086046952251496,0.380732022773572,0.4127131473589113
3-methylbutan-2-one,mobley_8739734,-3.24,0.02,-3.24,0.60,104.07756939502613,0.3294030161703659,-6.6985448987578184,0.40404547518780465
propyl formate,mobley_8754702,-2.48,0.02,-2.48,0.60,-10.543318804909934,0.38014144755542245,-5.744617446731567,0.4471298511931675
pyridine-3-carbonitrile,mobley_8764620,-6.75,0.02,-6.75,0.60,-17.75765748417595,0.3882907352360156,-21.732764851878088,0.36706464636634617
isoprene,mobley_8765203,0.68,0.02,0.68,0.60,2.0917434467082647,0.3166330006612647,3.8592171632474415,0.33394368852682466
1-iodobutane,mobley_8772587,-0.25,0.02,-0.25,0.60,1.6482086787382684,0.3319863059277714,2.5174128374318965,0.3243969514908758
"2,5-dimethyltetrahydrofuran",mobley_8785107,-2.92,0.02,-2.92,0.60,0.395636296465538,0.3348521174064931,-1.7771383840005925,0.3308195273203097
2-iodophenol,mobley_8789465,-6.20,0.03,-6.20,0.60,-10.236026665199699,0.494983688628539,-8.867329179175877,1.022802130696257
pyridine-4-carbaldehyde,mobley_8798016,-7.00,0.03,-7.00,0.60,-12.341974390753471,0.38408221514321633,13.874321074164758,0.48528102677056617
butylbenzene,mobley_8809190,-0.40,0.02,-0.40,0.60,-5.558097172883104,0.3880814029770626,-5.165704913720514,0.4435940808681788
trifluoromethylbenzene,mobley_8809274,-0.25,0.02,-0.25,0.60,-17.991210314187,0.36271892879889867,-15.002613781581378,0.4084806380481872
"1,2,3-trichloro-5-(2,5-dichlorophenyl)benzene",mobley_8823527,-3.61,0.03,-3.61,0.13,-12.4637571550791,0.4446481334976563,-5.828363345063191,0.5443572908398471
"1,2,4-trichlorodibenzo-p-dioxin",mobley_8827942,-4.05,0.03,-4.05,0.10,-15.081222973082879,0.3674111913774131,-3.953072111591398,0.48856124738493156
"2,4-dimethylpyridine",mobley_8861672,-4.86,0.02,-4.86,0.60,13.428552428243083,0.5139432814841504,-4.596426757460097,0.46111529915251936
tetrahydrofuran,mobley_8882696,-3.47,0.02,-3.47,0.60,-0.24634503712100358,0.2716895170918725,1.5498813040447168,0.3525865629753414
2-methylbenzaldehyde,mobley_8883511,-3.93,0.02,-3.93,0.10,-10.369700270291911,0.4429243136841308,-17.725573927926177,0.42576606400946027
cyclopentene,mobley_8885088,0.56,0.02,0.56,0.60,6.0581107352340915,0.31202986792273274,3.283511051648491,0.23353628825134573
cyclopentanol,mobley_8899867,-5.49,0.02,-5.49,0.60,1.9775337535079984,0.4045549023075736,1.9054771426571664,0.44048544031442605
2-methylpyrazine,mobley_8966374,-5.51,0.03,-5.51,0.60,-7.044135781813008,0.35215036818354534,-4.498059355264865,0.42902431608194946
bromomethane,mobley_8983100,-0.82,0.01,-0.82,0.60,0.3275926014875471,0.23221686847008458,2.4011054128109217,0.29157880990082524
"2,3-dimethylbuta-1,3-diene",mobley_900088,0.40,0.02,0.40,0.60,-0.02462120341286833,0.25325512794892824,4.537772498057619,0.31726856997040326
1-bromooctane,mobley_9015240,0.52,0.03,0.52,0.60,-1.1010570522562557,0.456199434740578,5.281650145813821,0.43400100490862825
"methyl 2,2,2-trifluoroacetate",mobley_9028462,-1.10,0.02,-1.10,0.60,-9.75900854116739,0.3200159525841263,0.11981985802423445,0.3222676868019481
butyl nitrate,mobley_902954,-2.09,0.02,-2.09,0.10,-8.527121996847583,0.3287879241199355,-5.771133251409209,0.4659095339707518
fluoromethane,mobley_9029594,-0.22,0.01,-0.22,0.60,0.7723500722046077,0.1823646605124822,2.243658046087715,0.2164328247522797
methane,mobley_9055303,2.00,0.10,2.00,0.20,2.533473446684601,0.18485521938153104,3.265800720148767,0.2125943597235638
methylsulfanylmethane,mobley_9073553,-1.61,0.02,-1.61,0.60,2.043882448699746,0.23396941739845264,2.2056693160882377,0.2570409299997679
methylcyclohexane,mobley_9100956,1.70,0.02,1.70,0.60,2.2394344681277687,0.26703749169618574,1.1260735591686184,0.32665076605358473
pent-2-ene,mobley_9112978,1.31,0.02,1.31,0.60,4.072494725217,0.34266355413263133,3.399621190471505,0.2929885521514346
methyl 2-cyanoacetate,mobley_9114381,-6.72,0.02,-6.72,0.60,-8.418228779326338,0.38419857535958785,-22.788245943847855,0.41181619007133285
but-1-yne,mobley_9121449,-0.16,0.02,-0.16,0.60,1.5005443799230829,0.2663706720612974,1.8267711261404922,0.2781053602871753
"1,4-dimethylcyclohexane",mobley_9139060,2.11,0.02,2.11,0.60,0.376315091717359,0.35064279870572956,-1.5985854562287223,0.3337610688886497
propan-1-amine,mobley_9185328,-4.39,0.02,-4.39,0.60,-0.044236567522832004,0.38698565091225307,0.6464832718259184,0.3297137643291472
oct-1-ene,mobley_9197172,1.92,0.03,1.92,0.60,-0.4370899102481687,0.36649463013424444,2.885211456945408,0.4101651996967541
methyl methanesulfonate,mobley_9201263,-4.87,0.03,-4.87,0.60,-17.986180315403775,0.43459284965334505,-8.960822298615579,0.4747888695309136
"N,N-dimethylmethanamine",mobley_9209581,-3.20,0.02,-3.20,0.60,-0.3039329888038377,0.27209214701389356,-1.0301727282855808,0.3066845503028421
"penta-1,4-diene",mobley_9246215,0.93,0.02,0.93,0.60,0.8186565913150574,0.2782301159307839,3.595129939410527,0.36847377370233025
dibromomethane,mobley_9246351,-1.96,0.02,-1.96,0.60,-1.4951651571966686,0.2066062214516562,2.0306761183270257,0.2592465331932852
"3,4-dichlorophenol",mobley_9257453,-7.29,0.02,-7.29,0.10,4.941413249089186,0.4176193542740672,-1.8354151734623283,0.422426594895572
1-bromohexane,mobley_929676,0.18,0.02,0.18,0.60,1.1783075310298123,0.2901137002070228,2.1112295903519716,0.4073768523501789
octan-2-one,mobley_9407874,-2.88,0.03,-2.88,0.60,-7.45887222753319,0.36641120611656414,-3.843851644010207,0.5079031647057307
1-methylnaphthalene,mobley_9414831,-2.44,0.02,-2.44,0.60,-18.51540872615422,0.3478846727435443,-11.184423175842909,0.46385021366832885
2-bromopropane,mobley_9434451,-0.48,0.02,-0.48,0.60,2.865198396553488,0.25614708481515985,3.882410480748106,0.30118263067554873
o-xylene,mobley_9478823,-0.90,0.02,-0.90,0.60,-2.947466566990736,0.38841477879778435,-4.490111889359091,0.39903162274089615
"2,5-dimethylpyridine",mobley_9507933,-4.72,0.02,-4.72,0.60,-67.5432406817633,0.3683226733032561,-5.297300648870245,0.39638501794369874
"1,2,3,4-tetrachloro-5-phenyl-benzene",mobley_9510785,-3.48,0.03,-3.48,1.00,-12.090507976858579,0.4279222709065377,-7.570187541684484,0.7447384621980551
piperazine,mobley_951560,-7.40,0.03,-7.40,0.60,-33.28064093517412,0.4029638323156018,-18.50299972630187,0.40805823977958444
5-chlorouracil,mobley_9557440,-17.74,0.06,-17.74,0.78,-10.047609726702127,0.541688117335247,-36.09027704920172,0.49235249404706427
9H-fluorene,mobley_9565165,-3.35,0.02,-3.35,0.60,-19.047937517984913,0.5551950652335936,-12.397849514054371,0.5564554195205653
endosulfan alpha,mobley_9571888,-4.23,0.04,-4.23,0.26,-24.471594599379372,0.6064018838617933,-20.297645682914244,0.5183940371402128
decan-2-one,mobley_9617923,-2.34,0.03,-2.34,0.60,-10.671574992909207,0.3777731442456404,-5.202643674322812,0.53511111531729
"1,3-dichloropropane",mobley_9624458,-1.89,0.02,-1.89,0.60,-4.52909353806092,0.2812407504355861,-3.5136217057279744,0.3825526294119868
2-ethoxyethanol,mobley_9626434,-6.69,0.03,-6.69,0.60,-6.082241283804308,0.46633037956116935,2.0288777173851287,0.5136579820723883
"(1S,5R)-2-methyl-5-(1-methylethenyl)-2-cyclohexen-1-ol",mobley_9653690,-4.44,0.02,-4.44,0.43,-22.879878938884065,0.4683003661538161,-12.484339596294282,0.47339390157339156
2-nitropropane,mobley_967099,-3.13,0.02,-3.13,0.60,-9.906826991144488,0.33551503807322147,-2.9059666597524316,0.3239844688042613
1-nitropropane,mobley_9671033,-3.34,0.02,-3.34,0.60,-5.703164673227777,0.2935095898559699,-2.47499456936308,0.2931323019996796
2-methylthiophene,mobley_9705941,-1.38,0.02,-1.38,0.60,2.332363426668383,0.30460760874947235,2.503384556315809,0.3449016151461285
1-chloro-2-phenyl-benzene,mobley_9717937,-2.69,0.03,-2.69,0.10,-15.099269761266715,0.5127137373334592,-16.739989665874326,0.48177393568738247
"cyclohepta-1,3,5-triene",mobley_9729792,-0.99,0.02,-0.99,0.60,-1.6688413596832488,0.3629658565320694,-0.88471370895148,0.36254883213931466
butan-1-amine,mobley_9733743,-4.24,0.02,-4.24,0.60,-2.5060893090935097,0.412593623903101,-1.2571793286505288,0.365028669300094
dichlobenil,mobley_9740891,-4.71,0.02,-4.71,1.93,-5.85600051453746,0.3599154101819523,-10.321842381775099,0.4376786586912693
"1,3-bis-(nitrooxy)butane",mobley_9741965,-4.29,0.02,-4.29,0.39,-13.699535649791697,0.48200010367436597,-19.522284805591006,0.5208421539544987
2-methoxy-2-methyl-propane,mobley_9794857,-2.21,0.02,-2.21,0.60,3.005548935955888,0.3123135575074546,0.6947328998715658,0.37939089746778476
"1,2,3,4,6,7,8,9-octachlorodibenzo-p-dioxin",mobley_9821936,-4.53,0.04,-4.53,1.00,-12.328639440997968,0.4820069694873794,-4.08786399320747,0.540343701668135
2-methylbutan-2-ol,mobley_9838013,-4.43,0.03,-4.43,0.60,7.434794698836411,0.36378932366236716,3.765957872431212,0.38542354981597043
3-methylhexane,mobley_9883303,2.71,0.02,2.71,0.60,0.046613306944745636,0.3379672395816802,-1.3099133140062418,0.3897076743116575
"(2Z)-3,7-dimethylocta-2,6-dien-1-ol",mobley_9897248,-4.78,0.02,-4.78,0.25,-62.88144567273172,0.4309563988821729,-7.637630595548444,0.5527412789273332
"(E)-1,2-dichloroethylene",mobley_9913368,-0.78,0.02,-0.78,0.60,1.5741353707743895,0.22591861137845792,1.7964030179966082,0.28394633323639284
1-ethyl-4-methyl-benzene,mobley_9942801,-0.95,0.02,-0.95,0.60,-3.3161232616796434,0.3838071579342515,-0.356314333969153,0.4021583221319121
bromoethane,mobley_994483,-0.74,0.02,-0.74,0.60,1.0209416964764608,0.255027376908195,3.1712268944148403,0.34223812299451045
2-isopropylsulfanylpropane,mobley_9974966,-1.21,0.02,-1.21,0.60,3.281117843413271,0.30982334606776557,-1.4386511413036267,0.4353843522746029
111-trifluoropropan-2-ol,mobley_9979854,-4.20,0.10,-4.20,0.20,-22.868537714304225,0.7557472686225886,-3.5664387797027004,0.6170807258189885
