molecula,dg_elec_pbc,dg_elec_sbc,dg_lj_pbc,dg_lj_sbc,delta_delta_elec_sbc_menys_pbc,delta_delta_lj_sbc_menys_pbc
mobley_1017962,18.469794627712577,14.022795338112767,-0.9225502145070821,-0.1782395618839243,-4.446999289599811,0.7443106526231578
mobley_1019269,3.354716225831383,4.9494816855802934,-0.05632319463197438,-4.797475293052376,1.5947654597489103,-4.741152098420401
mobley_1034539,5.5555963854737636,3.244279554799546,8.370787229634804,3.8087272658246416,-2.3113168306742176,-4.562059963810162
mobley_1036761,6.027134335455451,4.782258523887924,1.4680770682570043,-0.3522592662154378,-1.2448758115675274,-1.8203363344724421
mobley_1046331,4.8424155090513565,13.747186297192913,2.5221282170581576,2.47802965531751,8.904770788141557,-0.044098561740647746
mobley_1075836,20.64896305831024,11.681287996030958,0.34428106533992375,-1.98764286084478,-8.967675062279282,-2.331923926184704
mobley_1079207,-0.38801195890544915,1.9172998220273052,0.3414663571802228,-2.0640364783253187,2.3053117809327546,-2.4055028355055414
mobley_1107178,1.9452557310882446,2.2104958407092825,-1.2899752073508304,-3.788091331596059,0.26524010962103794,-2.4981161242452288
mobley_1144156,0.6703723104850199,2.7847735830312996,-0.6965778123452085,-3.6810042348636913,2.1144012725462797,-2.984426422518483
mobley_1160109,17.00684134934088,12.99338625803704,1.3502666434003328,0.3667459134909554,-4.013455091303841,-0.9835207299093773
mobley_1178614,13.166973222718592,6.83651208802606,0.3238801319832487,-0.10878830953923524,-6.330461134692532,-0.43266844152248396
mobley_1189457,4.810638066937657,4.597387413798122,3.1482889630971638,-0.18098179989052054,-0.21325065313953484,-3.3292707629876843
mobley_1199854,2.546670041864532,1.7916838191561997,-0.21619003131908804,-2.298621716517921,-0.7549862227083324,-2.082431685198833
mobley_1231151,-0.30977735348375435,0.914231490626121,-0.6800334640568575,-3.1940880386285326,1.2240088441098753,-2.5140545745716754
mobley_1235151,5.651670433774451,4.4549876125049455,0.4113802640153621,-2.7047884432110223,-1.1966828212695058,-3.116168707226384
mobley_1244778,3.3079471065181094,4.210321878834535,-0.07064712264721584,-1.4188429241795653,0.9023747723164259,-1.3481958015323494
mobley_1261349,-5.051790415933944,-1.8012404972143412,-2.577214680097635,-2.6006596528716632,3.2505499187196025,-0.023444972774028017
mobley_1278715,0.14668339065884253,-0.024187938327908574,1.1666854759520757,-1.7932719907200332,-0.17087132898675111,-2.959957466672109
mobley_129464,4.0263020722346665,5.022543788109459,-1.3149580051612033,-7.476724266624776,0.9962417158747927,-6.161766261463573
mobley_1328465,2.675246405152576,2.4410419490131954,-2.1579539916261257,-4.445641295598424,-0.23420445613938057,-2.2876873039722985
mobley_1328936,46.52722892764767,31.31778689340483,6.093691979690597,3.7563854374927224,-15.20944203424284,-2.3373065421978745
mobley_1352110,33.21775939466474,28.764185728481674,2.9488790902664945,-1.5627827920459612,-4.453573666183065,-4.511661882312456
mobley_1363784,16.795959980107085,6.29609114318666,3.620527383871716,-0.2277786415422547,-10.499868836920424,-3.8483060254139705
mobley_1396156,1.0703482713865606,0.2870793742219061,7.908738697617779,6.7785312983884785,-0.7832688971646545,-1.1302073992293007
mobley_1417007,19.412052674717202,16.032147424824167,1.4147294745263492,-1.3046233383353685,-3.379905249893035,-2.7193528128617177
mobley_1424265,-0.8577241165225719,1.4729546034667889,0.5316009821005889,-1.5679065328515889,2.330678719989361,-2.099507514952178
mobley_1449384,4.40434439343473,4.900850492578263,1.0198444924351238,1.265761089962354,0.4965060991435326,0.24591659752723016
mobley_1469079,5.8943899468869745,-2.050182965344442,5.161116557115926,4.1926159226641495,-7.944572912231417,-0.9685006344517761
mobley_1502181,10.210340980557687,10.165715072244103,-3.689813347720815,-3.6320253456576874,-0.04462590831358426,0.0577880020631274
mobley_1520842,-9.652654041358781,2.2546577689432192,3.4360780698489948,2.243820152901534,11.907311810302001,-1.1922579169474607
mobley_1527293,32.81205358180673,37.23848803907538,3.7294265565966724,2.485048655715725,4.426434457268648,-1.2443779008809472
mobley_1563176,2.7895362114983997,3.4787647254505867,-0.5751954217602157,-3.4270845714165326,0.689228513952187,-2.851889149656317
mobley_1571523,11.343900791405137,9.496037986555333,2.7163929353333236,0.9295919507399284,-1.8478628048498038,-1.7868009845933952
mobley_1592519,12.093381210976158,11.063101078796926,1.2578570661389068,-5.332390108048633,-1.0302801321792323,-6.590247174187541
mobley_1615431,-2.8235176100459762,3.245181931102941,0.37315635894883004,0.8232410909238426,6.068699541148917,0.45008473197501253
mobley_1636752,5.3001274949598685,4.494742307626756,-2.001679177847798,-2.8354130968840794,-0.8053851873331128,-0.8337339190362814
mobley_1650157,-13.245519937460884,-1.9335567074135205,-1.1300848160341297,-3.051496463791102,11.311963230047363,-1.9214116477569725
mobley_1662128,-0.8661805940747608,-0.30888809274176576,-1.9743673475258816,-4.4936837729274295,0.557292501332995,-2.5193164254015477
mobley_1674094,0.7119489404762281,1.5052709673021336,-0.9006246136289067,-3.421623935653926,0.7933220268259055,-2.5209993220250198
mobley_1708457,-0.9170425186258656,6.6021613127529895,-1.8271483606355485,-4.528391858856688,7.519203831378855,-2.7012434982211397
mobley_1717215,12.842039266401338,9.103637104567897,0.3032435254792496,-1.4685794469280842,-3.7384021618334415,-1.7718229724073338
mobley_1722522,16.21893115258082,16.413621452972073,-0.030120932794089228,-1.9402793866460948,0.19469030039125457,-1.9101584538520056
mobley_1723043,0.6744534226838432,12.778212875350675,4.646174970869138,5.264033002417686,12.103759452666832,0.6178580315485478
mobley_1728386,35.840967060488175,36.61634814567253,2.815427941381259,1.1726183449548377,0.7753810851843568,-1.642809596426421
mobley_172879,12.409610019015723,1.9478663188411742,7.558801657343648,2.189789188201086,-10.461743700174548,-5.369012469142562
mobley_1733799,0.5142450739664335,1.714173882961779,-0.24269120902389263,0.19432131031803657,1.1999288089953455,0.4370125193419292
mobley_1735893,12.693387612803267,13.317580219967628,-2.063289429590077,-2.7549468677832296,0.6241926071643604,-0.6916574381931526
mobley_1743409,33.334325477031186,-5.392907602739633,2.357676578047925,18.901955747869778,-38.72723307977082,16.544279169821852
mobley_1760914,3.468466639866371,2.482817698960536,1.4195733757937607,-3.0870256757166885,-0.9856489409058349,-4.506599051510449
mobley_1781152,37.00274741517946,14.06500089200508,2.241095724632566,-2.85011527933358,-22.937746523174383,-5.091211003966146
mobley_1792062,1.703047133201846,1.2405274830518476,-0.8469496969947268,-3.7945883522031307,-0.4625196501499984,-2.947638655208404
mobley_1800170,-0.12066685056411477,1.4551961066892298,-2.420440410584921,-3.562713227143166,1.5758629572533447,-1.1422728165582452
mobley_1803862,-1.1363077808908293,-0.4057185142873813,-2.5486404528698374,-2.324419057710468,0.7305892666034479,0.22422139515936923
mobley_1821184,11.591232250336613,9.754661986084121,3.3450715916042704,1.10002365272073,-1.836570264252492,-2.2450479388835403
mobley_1827204,6.9339965942582635,7.506012095559467,-3.992966223109472,-2.850914605105746,0.5720155013012036,1.142051618003726
mobley_1838110,0.44790365526533543,0.23569482668815167,-0.8552459214131336,-2.1279702580064606,-0.21220882857718376,-1.272724336593327
mobley_1855337,-0.008630948608221,1.3974265040996197,-0.2152432146940999,-0.4495734626162564,1.4060574527078407,-0.2343302479221565
mobley_1857976,2.4701736010635065,2.6316426127357913,-2.172590138853903,-2.5292693551105416,0.16146901167228478,-0.35667921625663856
mobley_1858644,-0.1574278720960067,9.377588371380888,0.17624960138099643,-0.5580750146119109,9.535016243476894,-0.7343246159929073
mobley_186894,1.1925066754398443,1.8247557721092371,-1.8053351456946354,-3.523915810865278,0.6322490966693928,-1.7185806651706428
mobley_1873346,-0.16021925631709133,1.9873349003539886,0.9834576757012126,-1.3162914709538671,2.14755415667108,-2.2997491466550795
mobley_1875719,16.86223400533728,9.493918058528475,-2.223409286442592,-4.0274190332589965,-7.368315946808806,-1.8040097468164045
mobley_1881249,7.809917585052938,8.092907815912785,-0.35021958234066136,-2.1047149709086574,0.28299023085984665,-1.7544953885679961
mobley_1893815,1.846332649977723,1.3749682308471427,0.0025661677256322846,-3.0575193040386304,-0.47136441913058036,-3.0600854717642627
mobley_1893937,2.0065862554172766,2.335766609410938,-0.36045122139036223,-6.175832967215752,0.3291803539936615,-5.815381745825389
mobley_1896013,0.15255263042747913,-12.427190250538885,3.823820195032149,3.7743561617200205,-12.579742880966364,-0.049464033312128564
mobley_1899443,-2.0264694130007794,-0.37136965753566,-0.9489754668504152,-4.443865791092071,1.6550997554651194,-3.4948903242416556
mobley_1903702,0.38267154602265835,1.5381304531267836,-0.5064485637318965,-3.7455817639401228,1.1554589071041252,-3.2391332002082263
mobley_1922649,46.776864446614404,41.238487782623025,6.288947141590366,7.25726249535998,-5.538376663991379,0.9683153537696132
mobley_1923244,-0.8393296852723511,-0.31763277952162405,-2.154165900568655,-3.332771487459078,0.521696905750727,-1.178605586890423
mobley_1929982,3.1324133081040473,3.203900319090903,-1.609444117570596,-1.7438951440259716,0.07148701098685573,-0.13445102645537554
mobley_194273,7.544246818954321,38.93713748341687,10.368861461273886,7.3571637806985954,31.39289066446255,-3.01169768057529
mobley_1944394,32.74825696595188,16.88879487219901,3.0437714141431,6.049928437280473,-15.859462093752871,3.006157023137373
mobley_1952272,2.179417819443698,2.6897876449507905,-2.2289964982004564,-3.029718943645857,0.5103698255070923,-0.8007224454454005
mobley_1963873,9.667487399808834,9.58164013889066,-0.009326620372220207,-2.099529136013325,-0.0858472609181753,-2.0902025156411046
mobley_1967551,5.162320990754807,5.4463120539718455,-2.0382034540657576,-3.3316427860894136,0.28399106321703815,-1.293439332023656
mobley_197466,20.461612863287232,8.71478254034923,0.4527698491358265,-2.6420702995293794,-11.746830322938003,-3.094840148665206
mobley_1976156,10.259473502955071,7.593277001623003,-0.6960479396475846,-2.8399937027915034,-2.6661965013320685,-2.1439457631439187
mobley_1977493,1.82301307634085,1.1072369906717725,-1.6518927824607368,-1.7159343163839647,-0.7157760856690776,-0.06404153392322787
mobley_1987439,-4.031616873942397,0.443770959831284,0.874195381084379,1.1317416727809009,4.475387833773681,0.2575462916965219
mobley_2005792,12.7361563190557,16.341388547470952,5.107650045180441,0.20912288564349168,3.605232228415252,-4.8985271595369495
mobley_2008055,-0.006020120996363357,0.004277444911219225,-1.4420827433942152,-2.749481620794073,0.010297565907582582,-1.3073988773998577
mobley_2023925,7.391184015972787,-12.449350780118017,-2.074045130781318,-2.88974044084719,-19.840534796090804,-0.8156953100658719
mobley_2043882,13.713892857009979,12.298927362460587,1.3722967766601533,2.213221653907507,-1.4149654945493921,0.8409248772473539
mobley_2049967,-0.10727557992085424,1.720047333487647,-0.7472936269139316,-3.0748962081751525,1.8273229134085012,-2.327602581261221
mobley_20524,0.9558006678683557,4.70146320122372,2.0618969363530115,-0.35970025822081864,3.745662533355364,-2.42159719457383
mobley_2068538,-0.7817386399489201,-0.23677534720749363,-1.376199359350357,-3.635903160608692,0.5449632927414265,-2.2597038012583353
mobley_2078467,16.50349946475466,27.18955321836787,1.5986756655359777,-2.91414935129165,10.686053753613209,-4.512825016827628
mobley_210639,0.5845328637672564,1.455268616717277,-2.5449894858606403,-2.973423438438369,0.8707357529500206,-0.42843395257772876
mobley_2123854,7.97220005525581,11.19204280805502,1.2283043946292236,-0.154538479630145,3.2198427527992095,-1.3828428742593686
mobley_2126135,13.073441217131052,11.731102626036957,2.2020307859591797,4.291823620809778,-1.3423385910940944,2.089792834850598
mobley_2143011,-1.0524835948295175,-0.9804947849210887,-3.6372303387045,-4.2717169842855185,0.07198880990842882,-0.6344866455810183
mobley_2146331,4.993675799236014,4.852445116904728,-1.7492014330877064,-2.9741537075642768,-0.14123068233128588,-1.2249522744765704
mobley_2178600,1.0831171361018346,1.4540814664572554,-1.8058102223983772,-4.3721132520331745,0.37096433035542087,-2.5663030296347973
mobley_2183616,6.230280166196236,7.056032047216514,3.462667843989739,2.8835224212639226,0.8257518810202784,-0.5791454227258166
mobley_2197088,1.445052421907075,2.6751723748717176,-3.5958804070973396,-4.030154149096074,1.2301199529646425,-0.43427374199873414
mobley_2198613,1.528215618794834,1.0775121476473006,-2.657051384563188,-2.714310914590782,-0.4507034711475333,-0.057259530027593986
mobley_2213823,-0.22580745606008715,-0.21844643897711194,0.8935425382183918,-3.2488071512823207,0.0073610170829752075,-4.142349689500713
mobley_2245668,8.450940283585885,4.903844513101577,-0.3185459471143778,-3.31947117838559,-3.547095770484308,-3.000925231271212
mobley_2261979,7.8290875976910534,8.162548051895822,6.715831695836193,3.951683251135023,0.33346045420476855,-2.7641484447011697
mobley_2269032,26.95900277970723,25.358377962998432,4.999010218446212,3.851760158230847,-1.6006248167087982,-1.1472500602153652
mobley_2279874,22.1654608327243,16.616078316949856,1.1314871579267174,-0.08551393268299012,-5.549382515774443,-1.2170010906097075
mobley_2294995,9.737331986240822,8.848920693585285,1.276645528689736,-0.6547223889114488,-0.8884112926555368,-1.9313679176011849
mobley_2295058,35.70353421460423,35.406302216924104,3.5963376058361884,1.1943221549478422,-0.29723199768012876,-2.4020154508883462
mobley_2310185,-0.7229811185584064,3.998487376930646,-2.4631538396662194,-1.8768190950212837,4.721468495489052,0.5863347446449356
mobley_2316618,40.477952717974446,38.798947871817695,8.09674767872958,12.670888177197517,-1.6790048461567508,4.574140498467937
mobley_2328633,0.3279408350484756,1.8736983950687416,0.14075890921776452,-4.998050428226259,1.545757560020266,-5.138809337444023
mobley_2341732,19.40309284527363,13.21559630787134,-1.2747844910832205,0.19225550156270255,-6.187496537402289,1.467039992645923
mobley_2364370,9.35455260260541,12.151322765040074,-1.7050331483118393,-2.2853084469588594,2.7967701624346635,-0.5802752986470201
mobley_2371092,-0.20372200206922875,3.3325961126030514,3.1835219617397055,-0.2870143611323055,3.53631811467228,-3.470536322872011
mobley_2390199,11.97886370303451,14.053609924978165,-0.04582366621318523,-3.9635254634965706,2.0747462219436557,-3.917701797283385
mobley_2402487,13.66696647602376,63.276073662979485,10.97220850172383,13.493337002997826,49.609107186955725,2.5211285012739957
mobley_2410897,-2.017858699219105,2.65211923191148,-2.4266418283924605,-3.2323893295578126,4.669977931130585,-0.8057475011653521
mobley_2422586,3.389143189904491,1.8001253750897803,-2.70190268888829,-6.515738081673889,-1.5890178148147107,-3.813835392785599
mobley_2451097,8.999946433342242,9.100298708664747,0.6408059522903131,-1.5365134548380723,0.10035227532250524,-2.1773194071283855
mobley_2457863,-2.6081465069576204,13.124272972472612,2.346958883672625,-1.6419063067457143,15.732419479430233,-3.9888651904183394
mobley_2481002,0.46589694509343693,0.37910395547796694,0.8372569269981458,-0.8922983889468341,-0.08679298961547,-1.72955531594498
mobley_2484519,3.299889408504205,4.685309870672469,0.8723418805101089,-0.5288228865363771,1.3854204621682644,-1.401164767046486
mobley_2487143,7.975012941557019,8.108880536246103,-2.108409990881478,-4.151568199821837,0.13386759468908416,-2.0431582089403584
mobley_2489709,2.7447718738803117,2.544418713488847,2.2781062095827154,-0.49643174271590995,-0.20035316039146478,-2.7745379522986253
mobley_2492140,1.0325692265841353,1.2137812283276255,-1.7138886535485285,-2.2297122053867344,0.18121200174349017,-0.5158235518382059
mobley_2493732,0.8091746546144994,0.9824439382919248,-1.9653611402951394,-4.100125886314623,0.17326928367742533,-2.134764746019483
mobley_2517158,1.4477331029459117,1.9223570259306895,-2.267002074363077,-4.156167854522321,0.47462392298477774,-1.889165780159244
mobley_2523689,18.11658097215771,36.11720411589954,8.931672410538157,4.184000274441215,18.00062314374183,-4.747672136096942
mobley_252413,-2.295058254629258,-0.3059898049549905,-0.811343246313136,-2.0282566062815466,1.9890684496742677,-1.2169133599684105
mobley_2577969,14.622346969531245,12.35753508461443,10.321892145635584,6.695210668360334,-2.2648118849168153,-3.62668147727525
mobley_2607611,11.154096110172773,12.00325399421744,-0.5083821954873782,-2.5362187769623947,0.8491578840446667,-2.0278365814750163
mobley_2609604,-0.1641492936924363,-0.15480810521990007,3.505476068960844,-1.4544630427131926,0.009341188472536233,-4.959939111674037
mobley_2613240,11.43894303712339,1.2198921965965592,3.392996498013903,1.7419612358324144,-10.219050840526831,-1.6510352621814888
mobley_2636578,16.00956861226121,15.734250371998952,4.014432292083978,1.12348098225679,-0.2753182402622567,-2.8909513098271877
mobley_2659552,39.69525538235763,26.030825347018986,6.547954799399563,3.5080165181679632,-13.664430035338643,-3.0399382812316
mobley_2661134,3.7504417040792752,5.646751715535126,1.159399054919521,-4.59842997399949,1.896310011455851,-5.757829028919011
mobley_2681549,-3.797795380264126,2.454619545304326,0.6972267543294963,-1.2224470771816174,6.252414925568452,-1.9196738315111137
mobley_2689721,-1.3201699193059389,-0.3583621051776039,2.348546818425743,-1.283642497226485,0.9618078141283349,-3.6321893156522282
mobley_2693089,3.7006856866711813,6.078547618563613,3.9187757022760064,0.5016240679271506,2.377861931892432,-3.4171516343488557
mobley_2725215,82.8328613889885,127.42968189848641,71.95441886463314,12.505078148658667,44.5968205094979,-59.44934071597447
mobley_2725802,11.82036642029348,15.535003763966756,0.17383021161381473,-0.7910333590112353,3.7146373436732762,-0.96486357062505
mobley_2727678,-10.169857638994785,14.464926963292442,0.8771195972867352,-0.20121360688935086,24.634784602287226,-1.078333204176086
mobley_2751110,11.682687204937096,17.905067752255523,2.9578141718300155,0.7489607267638236,6.222380547318426,-2.208853445066192
mobley_2763835,4.238129889736415,5.701781193065024,3.5271346892768656,3.112757355595767,1.463651303328609,-0.41437733368109875
mobley_2771569,14.59525345097934,5.531942591989429,4.860584502871685,-1.0299734902522184,-9.063310858989912,-5.890557993123903
mobley_2782339,28.782716974583362,42.26909617266892,1.5154024361462834,1.6355471314031114,13.486379198085555,0.12014469525682792
mobley_2784376,0.052410469971236294,0.14334841126449396,-1.882798455207863,-2.6313324416281083,0.09093794129325766,-0.7485339864202454
mobley_2789243,7.727417609706626,3.119432371734125,4.198227848835006,-1.2101046808057525,-4.607985237972501,-5.4083325296407585
mobley_2792521,6.510921922419641,6.284440435107593,-2.221349114652541,-3.371030198050009,-0.2264814873120482,-1.1496810833974682
mobley_2802855,0.37703874695729717,0.5948126535084048,-3.145548222604454,-4.336733743308098,0.21777390655110768,-1.1911855207036441
mobley_282648,8.157352615620999,7.311101087918917,2.2471436520397234,2.695719087917473,-0.8462515277020817,0.4485754358777494
mobley_2837389,-6.0776361559892305,2.050931329675042,-2.6140911800998103,-2.7372937049433808,8.128567485664274,-0.12320252484357042
mobley_2844990,4.502017448820017,-1.0848185192174782,9.426492935583275,4.780977321799369,-5.586835968037495,-4.645515613783905
mobley_2845466,4.461665586762987,-3.3233689558277764,6.497192207177765,3.7891496902414774,-7.785034542590763,-2.7080425169362874
mobley_2850833,-3.086889691177678,22.379493194511337,4.323551710240674,1.9595105167459552,25.466382885689015,-2.364041193494719
mobley_2859600,5.1966636823639565,5.057228826366849,3.835688573039542,0.15396952510489958,-0.13943485599710748,-3.681719047934642
mobley_2864987,-0.4228923957956692,4.713123670588061,-0.6837207953902696,-3.533975176288908,5.13601606638373,-2.850254380898638
mobley_2881590,7.277594675104225,4.212227992680031,0.39106531527440014,-1.31386195029657,-3.0653666824241936,-1.7049272655709702
mobley_2913224,34.28687694460394,62.498670860412204,67.5327323558083,14.321279302560942,28.211793915808265,-53.21145305324737
mobley_2923700,2.363360238824844,5.132199043378525,-1.1904300537571526,0.7515894649021715,2.7688388045536807,1.942019518659324
mobley_2925352,0.1523894104278387,1.1936690726452304,0.12104013732486552,-1.1437951611902415,1.0412796622173917,-1.264835298515107
mobley_2929847,4.6751831456757245,14.013032304949846,1.272561630453899,-1.6464177672621143,9.337849159274121,-2.9189793977160132
mobley_2958326,3.080487465222017,0.808387179020166,-0.16247890800624257,-4.062874516436276,-2.272100286201851,-3.900395608430033
mobley_2960202,2.930200840857524,-1.3406795079899823,9.434053205207514,2.9923300460534357,-4.2708803488475064,-6.441723159154078
mobley_296847,1.9874039783588862,3.8720733926757793,2.12853011318649,0.4261811473025947,1.8846694143168932,-1.7023489658838953
mobley_2972906,-3.524101482722464,1.0263162229390566,-2.1393324655294963,-3.113891522175985,4.550417705661521,-0.9745590566464886
mobley_299266,-5.2551113381664525,-1.1821725710458528,-1.8193535185260072,-4.1502632962528585,4.0729387671206,-2.330909777726851
mobley_2996632,1.3497975675945688,1.4939304130548063,-2.2377103864285677,-3.2059709145705804,0.14413284546023752,-0.9682605281420127
mobley_3006808,24.752180448663218,7.307760589178168,-2.1157285244586994,-3.530583795878329,-17.444419859485052,-1.4148552714196296
mobley_303222,-1.6820555669839612,-0.33235907613746046,-2.455050808911646,-3.568989657360893,1.3496964908465008,-1.113938848449247
mobley_3034976,-1.063037875120406,5.248773231335339,-0.723218148831375,-2.1497690845634168,6.311811106455745,-1.4265509357320418
mobley_3053621,0.5542457300530786,2.5527632153547337,1.8145065671858394,-1.3183914845736413,1.998517485301655,-3.1328980517594807
mobley_3060426,-1.773737518888589,1.1684726844647169,1.2039770966765544,1.053953981815336,2.942210203353306,-0.15002311486121833
mobley_3083321,7.99454153905952,7.636471460262257,0.6067032431033694,-1.5661795659350433,-0.3580700787972626,-2.1728828090384127
mobley_3105103,-62.40759281782837,72.95531573041855,17.068970475277254,17.215822043337564,135.36290854824693,0.14685156806030975
mobley_313406,3.7154785983450536,2.982787592164288,-2.6683294202710557,-3.1196620773213346,-0.7326910061807657,-0.4513326570502789
mobley_3144334,5.8515916101556495,6.985434381705153,0.731602845368303,-0.4601638902824501,1.1338427715495039,-1.191766735650753
mobley_3151666,6.41929410776514,6.318191056203078,-1.5714560397103319,-10.43412317207578,-0.10110305156206145,-8.862667132365448
mobley_3167746,0.4538021532458165,1.310688252840834,-3.1664259577962004,-4.928614003294219,0.8568860995950174,-1.7621880454980183
mobley_3210206,10.771430334102261,0.6370228428113407,4.058636920533136,2.2516539737128314,-10.13440749129092,-1.8069829468203045
mobley_3211679,-1.2553727366860916,0.3021720014247334,1.3720119622880094,-1.8156103598960573,1.557544738110825,-3.1876223221840667
mobley_3234716,-0.9619489577778876,1.1641749180483065,1.7891912065159596,-1.205612400015693,2.126123875826194,-2.9948036065316526
mobley_3259411,72.46981642980889,-1.8764792881389596,1.9193351352839354,-2.143581503074853,-74.34629571794784,-4.0629166383587885
mobley_3265457,25.446227261134936,-0.5376803200075457,9.411318532325069,7.6532908413926855,-25.983907581142482,-1.7580276909323835
mobley_3266352,0.7352055257304251,-7.796131267517801,2.1319779588126706,3.324451597617047,-8.531336793248226,1.1924736388043762
mobley_3269565,-1.121791815354732,2.05703555560553,1.263470058100979,-2.765902731900833,3.1788273709602617,-4.029372790001812
mobley_3269819,1.5138425352406497,2.1156878342965606,9.095451953914612,7.15193937924257,0.6018452990559109,-1.9435125746720416
mobley_3274817,42.196954677583086,33.84760725260744,9.60210495794268,7.790926324468837,-8.349347424975647,-1.8111786334738431
mobley_3318135,15.145966573953395,13.0492629475575,-1.9351696213255656,-7.415671856201131,-2.096703626395895,-5.480502234875566
mobley_3323117,24.294862852221097,12.05052597371821,-2.192963537533669,-3.8382907845385072,-12.244336878502887,-1.6453272470048383
mobley_3325209,47.057767442780126,30.139331987098103,9.153543299423244,4.464121510757804,-16.918435455682022,-4.689421788665441
mobley_3359593,19.68727590202915,8.90249059676944,2.2295416311092193,-0.010368013736449466,-10.78478530525971,-2.239909644845669
mobley_3370989,2.6231685687593003,2.7338766182815,-1.7192008198094884,-3.26396620481152,0.11070804952219993,-1.5447653850020318
mobley_337666,-8.90343847946249,33.04939454009171,2.1387965203711987,0.3292276894589654,41.952833019554205,-1.8095688309122333
mobley_3378420,6.643852724150523,5.821751645050682,-2.1798877196298196,-5.332217069178332,-0.8221010790998413,-3.1523293495485127
mobley_3395921,1.1439151346955636,2.290562373032729,2.10293764701753,-0.3819734783113766,1.1466472383371655,-2.4849111253289067
mobley_3398536,0.9972327661850006,1.9950448216284875,0.6301550401359886,0.3417307788435284,0.997812055443487,-0.2884242612924601
mobley_3414356,-4.550083329086744,1.9690893344581908,-1.232136321765652,-3.2373575884066357,6.519172663544936,-2.0052212666409837
mobley_3425174,1.889817711262851,2.3803732418992976,-1.327100302413931,-2.6776350832215656,0.49055553063644664,-1.3505347808076347
mobley_3452749,3.2533585942990753,3.741693809199316,1.9495538818762348,2.725778572026556,0.4883352149002409,0.7762246901503211
mobley_349850,17.61313458386637,18.013171351858315,1.4362729221549926,-0.48699698634669364,0.40003676799194565,-1.9232699085016862
mobley_3515580,15.856378539328936,7.65579615424398,3.043286817592567,0.06984453312971617,-8.200582385084957,-2.973442284462851
mobley_3525176,5.856564601767571,7.189332177861649,-1.417740091817051,-1.1405041793466886,1.3327675760940778,0.2772359124703625
mobley_3546460,3.8700579420927026,5.906023124160379,-0.7823958576937097,-1.8467649455231705,2.0359651820676765,-1.0643690878294607
mobley_3572203,20.907009044464328,14.804230273161307,0.6867978377616364,-1.8938031138062965,-6.10277877130302,-2.580600951567933
mobley_3573480,8.392084720029688,9.694154202672442,-2.6968518448743874,-4.171876979627039,1.3020694826427537,-1.4750251347526517
mobley_36119,3.4302145170182374,4.917791762593408,-2.3580316927327147,-5.597281318279706,1.4875772455751708,-3.2392496255469916
mobley_3639400,0.8206894616276805,1.4157896215804655,-3.1310900262389185,-3.9800507737835127,0.595100159952785,-0.8489607475445942
mobley_3663158,4.747629869356899,10.862372873824828,1.325977172990056,1.0929333626110402,6.114743004467929,-0.23304381037901578
mobley_3682850,8.461205128341819,5.667705192282666,1.4210367892490203,-2.0385745671233453,-2.7934999360591526,-3.4596113563723656
mobley_3686115,5.727554258486116,8.868338877529691,2.7399233820036697,0.29186705257808265,3.1407846190435755,-2.448056329425587
mobley_3690931,17.990647313529887,14.479330752177129,0.5331791359247466,-0.4758607424581367,-3.511316561352759,-1.0090398783828833
mobley_3709920,2.602825138102997,3.0230227535294563,-2.2548308006099878,-4.676256976150504,0.42019761542645906,-2.421426175540516
mobley_3715043,12.608175714505261,11.031942268314596,4.734467531767726,4.4760761787779195,-1.576233446190665,-0.25839135298980676
mobley_3727287,16.099833543101994,-16.280941826030993,2.553115136304066,-1.5709038085964542,-32.38077536913299,-4.12401894490052
mobley_3738859,0.8559243105815224,1.1283385244051332,0.01606873600124692,-1.9766895097749768,0.27241421382361075,-1.9927582457762236
mobley_3746675,7.0396411013539435,7.391787677757925,1.2870869362262702,1.5277586843257747,0.3521465764039817,0.24067174809950442
mobley_3761215,1.0255233050362391,1.258244358737342,-2.099946289316023,-1.3934668469142726,0.23272105370110285,0.7064794424017502
mobley_3762186,1.6339523000035225,1.735661336418205,-2.9090209387185273,-4.082784235286261,0.10170903641468243,-1.1737632965677336
mobley_3775790,-4.4026255298247055,1.6943107124923573,-1.9844184717433926,-2.2737673832025274,6.096936242317063,-0.28934891145913477
mobley_3802803,6.06727258687647,5.554205588093626,0.39791857516619933,-3.8388776605049166,-0.5130669987828442,-4.236796235671116
mobley_3867265,2.6174041936906463,4.3077954195885395,-2.5621220505661197,-2.9843069331940058,1.6903912258978933,-0.422184882627886
mobley_3968043,9.605011445375407,5.466095882410158,-1.5290440711149782,-1.875735979382182,-4.1389155629652485,-0.34669190826720375
mobley_3968739,34.457939503597814,27.619599241557502,3.368451559857666,2.3417509185428687,-6.838340262040312,-1.0267006413147972
mobley_3969312,18.132434385782254,17.439141890630463,0.688686589239432,-0.6136040632472053,-0.6932924951517911,-1.3022906524866373
mobley_397645,32.50605104877988,26.22867227344748,6.489556579695641,3.1012712007993066,-6.2773787753324015,-3.3882853788963345
mobley_3976574,2.9739236974008563,-1.3437790513912562,9.88822804281572,4.484129817770718,-4.3177027487921125,-5.4040982250450025
mobley_3980099,2.2563263892486787,2.119495796952525,1.1848052586920992,-0.4182932006965836,-0.13683059229615369,-1.6030984593886828
mobley_3982371,10.254433163929214,7.531696271443073,0.12523119952224437,-2.9443232754119717,-2.7227368924861413,-3.069554474934216
mobley_3999471,1.917300645276108,1.750572862718151,-1.6809634178087536,-3.310233146066102,-0.16672778255795717,-1.6292697282573485
mobley_4013838,31.414063350884327,14.447997803315758,-0.919693386616061,-1.9316147717339573,-16.96606554756857,-1.0119213851178963
mobley_4035953,10.494789335520654,8.01125663166901,3.6261425837833805,-0.6778121132276205,-2.483532703851644,-4.303954697011001
mobley_4039055,-8.773483408069609,49.993256923025726,1.6878823528200497,0.7437451416463028,58.766740331095335,-0.9441372111737469
mobley_4043951,-0.05543207573412634,0.19744512644148116,-2.6180297861855606,-3.4417624187327287,0.2528772021756075,-0.8237326325471681
mobley_4043987,-0.23308678056922338,0.6734983311421936,-2.0089891065235865,-0.6655360398425266,0.906585111711417,1.34345306668106
mobley_4059279,-1.2413692982528026,-5.226641826076522,1.8732160516928273,-0.7259814498907988,-3.985272527823719,-2.5991975015836264
mobley_4149784,6.933090353632778,-1.0630871243310978,5.863622455244073,3.127560737880234,-7.996177477963876,-2.736061717363839
mobley_4177472,1.1771747184997947,0.9153512440355979,2.8655868389331562,-0.06673036813562616,-0.26182347446419685,-2.9323172070687824
mobley_4188615,45.9670189170981,28.935153729744226,4.785273939061154,2.8175335754842363,-17.031865187353876,-1.967740363576918
mobley_4193752,14.14620668770635,14.683322892075246,2.0546609358401797,1.8100693305159545,0.5371162043688962,-0.2445916053242252
mobley_4219614,2.5797044308139894,1.6623112539683293,2.0861819974621563,1.1369348479872858,-0.91739317684566,-0.9492471494748704
mobley_4252724,5.145407241144536,6.883246802601224,3.1388644451336236,2.7201549481006975,1.7378395614566884,-0.41870949703292615
mobley_4287564,-0.5902277616701932,3.613906306037886,2.937929981769807,-0.08785144113337351,4.204134067708079,-3.0257814229031803
mobley_4291494,2.365009371275733,4.441670385058455,0.753162432954388,-0.5069480463196667,2.0766610137827217,-1.2601104792740547
mobley_430089,0.6729855847360378,1.2732106412169157,-3.1384856608265075,-3.9499839525466394,0.600225056480878,-0.8114982917201319
mobley_4305650,7.737676073164884,4.905580945935927,-1.8180196290504298,-3.076327941902352,-2.832095127228957,-1.2583083128519224
mobley_4338603,-25.858399178643097,28.22109402694187,3.62506782399029,0.8495666197028866,54.07949320558497,-2.775501204287403
mobley_4364398,2.1547055894900473,2.1589556140190425,-0.9744250158036004,-3.384332418525499,0.004250024528995144,-2.4099074027218985
mobley_4375719,1.084621627343936,1.6321235121862054,-3.8535582384668223,-4.1170080303843894,0.5475018848422695,-0.2634497919175671
mobley_4395315,-0.9687355586874653,2.0792957745906753,1.2848946295150065,-1.6268079301109832,3.0480313332781406,-2.91170255962599
mobley_4434915,1.3082789716308838,1.2322996968252709,-2.876951234732087,-2.416574633244967,-0.07597927480561295,0.46037660148712023
mobley_4463913,13.294555211197597,32.276915641301834,9.90522165696891,8.085227329673906,18.982360430104237,-1.8199943272950048
mobley_4465023,1.544580041096539,1.626387653178371,-1.2513532384437536,-1.888158743092478,0.08180761208183207,-0.6368055046487244
mobley_4479135,18.418245410040555,13.379264261220177,10.480794212550009,7.624660002603904,-5.038981148820378,-2.856134209946105
mobley_4483973,1.8611417620162358,2.276315549723982,2.5469652996225465,-1.0550345891138688,0.4151737877077464,-3.6019998887364153
mobley_4494568,0.4695276564024922,0.9751992094553062,2.2141639350906215,-1.6083487458833248,0.505671553052814,-3.8225126809739463
mobley_4506634,1.6726007858921779,1.2345660944451045,0.23389006241481586,-1.3803389446102545,-0.4380346914470734,-1.6142290070250704
mobley_4553008,3.159585936921311,1.6025888348432353,0.007292207597926037,-1.8882124609126758,-1.5569971020780757,-1.8955046685106018
mobley_4561957,-0.8697080918478031,-0.5546253907076402,0.9281765665305093,-0.927255519486502,0.3150827011401629,-1.8554320860170113
mobley_4584540,-3.4492265617118125,5.683403019333003,2.277104768545117,-1.1504593724909942,9.132629581044815,-3.427564141036111
mobley_4603202,-1.2592853100708101,-0.9470454279211575,-0.5602766912970049,-0.9372988024823712,0.3122398821496526,-0.3770221111853663
mobley_4609460,31.95561076634902,34.81274266513385,4.4588133105319265,-0.02579286127455216,2.857131898784825,-4.484606171806479
mobley_4613090,8.370361694055422,13.818793138197034,2.317573508604226,0.7532104095196444,5.448431444141612,-1.5643630990845818
mobley_4620651,38.07857047175619,20.814800661657063,-119.56749362946829,-120.08206992554568,-17.263769810099124,-0.5145762960773936
mobley_4630641,2.8818352021345595,0.5108533653496323,-1.7421619937864288,-2.298701302527526,-2.370981836784927,-0.5565393087410972
mobley_4639255,-8.647432794682526,-8.065382951506791,-1.8306054805605707,-4.427122602231017,0.582049843175735,-2.596517121670446
mobley_4683624,4.8836116630059365,3.388406207459261,0.11546486806529899,0.6548237239586503,-1.4952054555466754,0.5393588558933513
mobley_4687447,8.70595320324553,-1.03226147895146,-2.1710173592277977,-2.6126155401822135,-9.73821468219699,-0.44159818095441583
mobley_468867,5.574164966204053,6.490074259786344,4.72719136610094,1.6633332792585018,0.915909293582291,-3.0638580868424383
mobley_4689084,20.491325971905574,12.38350699320968,1.5799923772755462,6.023073115173383,-8.107818978695894,4.443080737897837
mobley_4690963,2.967732219876786,2.094080970340725,-2.161923294303453,-3.8376720308272496,-0.8736512495360609,-1.6757487365237966
mobley_4694328,8.59059260052557,7.69431117249621,-4.673580760970086,-4.067603492978246,-0.8962814280293596,0.6059772679918405
mobley_4715906,0.1869988147709549,0.28445954473398477,2.776963573530704,-3.077128728725965,0.09746072996302987,-5.854092302256669
mobley_4759887,2.6406251548138164,2.6408398121058627,-1.971056529472907,-4.655230343577615,0.00021465729204628303,-2.6841738141047076
mobley_4762983,1.051504634883062,2.137738657666314,-1.8813181382368045,-1.6534743811327683,1.086234022783252,0.22784375710403615
mobley_4792268,8.688525006702644,12.324767739657222,-1.7785436541224593,-2.6500376363076272,3.636242732954578,-0.8714939821851679
mobley_4845722,0.2500636022080085,0.3543216354697357,6.326409413479537,0.5364675451660306,0.10425803326172722,-5.789941868313506
mobley_4850657,6.628664684625785,6.540227226162308,-1.917216293724835,-4.269369946196541,-0.08843745846347684,-2.352153652471706
mobley_486214,19.20567198050098,-2.2646888526490265,3.076713403765639,0.6012754721213796,-21.470360833150007,-2.4754379316442594
mobley_4884177,8.720686706802377,6.292188934048623,2.4314007745453563,1.9932098365455895,-2.4284977727537544,-0.4381909379997668
mobley_4893032,5.613079505880227,5.45447491965717,-0.8482444394194989,-3.259367572079455,-0.15860458622305718,-2.4111231326599563
mobley_4924862,8.212498592075953,12.056077788064156,0.8788028158705397,-1.8979123922862122,3.8435791959882035,-2.7767152081567517
mobley_49274,1.7357109047975467,1.9058714669779888,-1.0818373311965448,-0.9044529695728778,0.17016056218044207,0.177384361623667
mobley_4934872,18.66954309133019,37.15123908910027,8.40553211239505,5.260186414450659,18.481695997770082,-3.145345697944392
mobley_4964807,14.367199561122195,3.075229323965793,-0.01717878120375982,-0.8906755119008651,-11.291970237156402,-0.8734967306971053
mobley_4983965,0.32223164808189797,1.726853134769541,-1.871575512405246,-3.9574037334415633,1.4046214866876432,-2.0858282210363175
mobley_5006685,14.998318947740147,13.803754898442255,3.69751760483565,0.05430500320049392,-1.1945640492978917,-3.643212601635156
mobley_5026370,4.332362847386502,-4.416663052510987,0.9489777534453014,0.9696685467731001,-8.74902589989749,0.020690793327798662
mobley_5052949,2.4918772172714565,1.3161084607823572,0.006586761953142006,-4.2616001195779,-1.1757687564890993,-4.268186881531042
mobley_5056289,0.6734718780467281,2.4252684830531868,-0.1985159381239333,-2.933638559465285,1.7517966050064586,-2.7351226213413518
mobley_5063386,15.25938207448695,26.053337549461112,6.601288576383784,0.902902966454814,10.793955474974162,-5.69838560992897
mobley_5079234,3.7862633435389466,6.9915338737395665,-1.9446348721094389,-3.6353835884515258,3.20527053020062,-1.690748716342087
mobley_5094777,4.4566718299934704,2.927413863819215,2.0174940445612064,1.1514489589774257,-1.5292579661742556,-0.8660450855837807
mobley_5110043,3.647138122620122,3.214933792296076,3.666396350128232,-0.13782796440871437,-0.4322043303240459,-3.8042243145369463
mobley_511661,-0.9796224099251035,-0.46273809643590275,-2.9354332964209786,-5.057490220395659,0.5168843134892007,-2.12205692397468
mobley_5123639,-3.4372445893886914,5.347194093149435,-0.6792469208997327,-1.8080161760664082,8.784438682538127,-1.1287692551666755
mobley_5157661,-2.414056952833932,-0.8481021395068571,-2.145079212891375,-2.2090263264169994,1.565954813327075,-0.06394711352562421
mobley_5200358,37.03793205905619,11.175454082353323,5.008911419028041,-0.7413575524359852,-25.862477976702866,-5.750268971464026
mobley_5220185,8.868218803005583,5.344688991664099,4.797060810342167,0.09631390655662919,-3.5235298113414837,-4.700746903785538
mobley_525934,2.516690431196466,2.312636757667555,-0.8156425194322418,-3.0645082895417497,-0.20405367352891135,-2.248865770109508
mobley_5263791,12.160968078763718,9.84290011258823,4.667217583651755,3.8164790338379753,-2.3180679661754873,-0.85073854981378
mobley_52782,13.396879055482557,1.624765630211236,2.7032615849516164,1.8438020424770911,-11.772113425271321,-0.8594595424745253
mobley_5286200,4.446424386675418,3.5836669609625544,-1.3102045011299022,-4.687094811069256,-0.8627574257128638,-3.376890309939354
mobley_5310099,0.8635982654339778,1.4474008788074588,-1.1061113531694606,-4.341217778003725,0.583802613373481,-3.2351064248342642
mobley_5311804,2.0505183327198484,0.23874438218980387,2.8345767995261704,-2.4095475103549493,-1.8117739505300445,-5.244124309881119
mobley_5326154,2.6463310505029503,1.3975763990526366,4.263994549109348,1.593620007511253,-1.2487546514503136,-2.6703745415980946
mobley_5346580,23.566001741907638,12.440884089077226,0.9334187598369277,-3.9033573869822913,-11.125117652830411,-4.8367761468192185
mobley_5347550,7.192872147501265,4.804741100949803,-0.6144928109911934,-2.341098681442844,-2.388131046551462,-1.7266058704516507
mobley_5371840,10.01774522392809,-1.929254198766368,6.688749633594031,1.6117131464384418,-11.946999422694457,-5.077036487155589
mobley_5445548,4.78405125198563,6.081398049380895,1.8614938787089395,1.4501275059205871,1.2973467973952646,-0.4113663727883523
mobley_5449201,-0.6289065129892992,-0.19510885497110225,-1.7810654614387713,-2.1693176401280683,0.433797658018197,-0.38825217868929696
mobley_5456566,0.35119805790698233,0.06907405333045669,15.136724506226763,7.585267075740075,-0.28212400457652564,-7.551457430486688
mobley_5467162,8.261551038196155,10.613538975756596,4.27583941930649,3.3389863227396894,2.351987937560441,-0.9368530965668009
mobley_5471704,9.838544482509597,11.653327146639601,-0.4709871908388319,-3.6436173061751154,1.8147826641300036,-3.1726301153362835
mobley_5494918,0.9815683390127763,9.83308833519538,-0.48892901960567725,-2.3781562639972296,8.851519996182605,-1.8892272443915523
mobley_5499659,5.566707686480995,6.468297596418129,0.9396248975154713,-3.5363117894298455,0.9015899099371341,-4.4759366869453165
mobley_5510474,3.867003242174211,-1.2449835782592604,8.158036642044245,4.587146465828297,-5.111986820433471,-3.570890176215947
mobley_5520946,0.7971066668740512,1.2976697138283275,0.14435804232142058,-0.5164696115989948,0.5005630469542763,-0.6608276539204154
mobley_5538249,3.7167764100406067,8.658182213938058,8.916910762655522,5.0786596908900545,4.941405803897451,-3.838251071765468
mobley_5561855,3.7396597655486064,5.4886377872789325,6.793793060578048,2.3580270941447203,1.7489780217303261,-4.435765966433328
mobley_5600967,39.87792614992078,35.63441712415643,6.181684946417296,8.000901075007906,-4.243509025764354,1.81921612859061
mobley_5627459,15.085135626805783,8.455700807017404,-0.4564799660138537,-4.309628352675012,-6.629434819788379,-3.853148386661158
mobley_5631798,5.2564249632202324,6.739557845115345,-4.0405319328720655,-5.427721954257342,1.4831328818951128,-1.3871900213852761
mobley_5665561,6.145567495611069,6.394274658001603,3.716478844950116,1.8095065909454102,0.24870716239053348,-1.9069722540047058
mobley_5690766,3.741475384199267,4.707995375409476,-1.3200852901247946,-3.658274713919108,0.9665199912102094,-2.3381894237943133
mobley_5692472,4.246505547295337,4.326918139051761,-1.761371868235148,-3.23273848779739,0.08041259175642423,-1.471366619562242
mobley_5708811,16.6942134569624,42.24513905148718,11.12856366789423,10.018829510606123,25.550925594524777,-1.1097341572881074
mobley_5732611,5.94215461820258,7.724139734599653,-2.046232677294693,-3.6611337802372153,1.781985116397073,-1.6149011029425222
mobley_5747188,6.4040400251544005,9.807705806553816,4.0726586724559795,2.1148178342535022,3.4036657813994156,-1.9578408382024772
mobley_5759258,2.383790433317494,4.191930134010695,-0.6615527022897226,-3.712206594361843,1.808139700693201,-3.0506538920721202
mobley_5760563,47.259158812172785,24.26834322666648,1.0358134528694247,-1.3571363026130008,-22.990815585506304,-2.3929497554824257
mobley_5816127,5.745705198918767,-2.839509329739938,-0.9163085182983244,-5.36837988040955,-8.585214528658705,-4.452071362111226
mobley_5852491,-2.613710509286792,-1.0689991952506155,-0.7238619923243645,-3.0543608376567555,1.5447113140361766,-2.330498845332391
mobley_5857,14.453737125178689,8.30587303053684,3.250876044289655,1.7769547075737249,-6.147864094641848,-1.47392133671593
mobley_5880265,-2.11475652624749,-9.60058980743245,0.018572466562777806,-5.29234455566381,-7.485833281184959,-5.310917022226588
mobley_588781,6.326768813414304,6.873343742307865,2.0707435317165945,-1.3095608666336447,0.5465749288935609,-3.380304398350239
mobley_5890803,20.73462288808231,12.376781031911166,0.01708169201468368,-2.103349060109601,-8.357841856171143,-2.1204307521242844
mobley_590519,3.327311983609437,2.3042887627838438,-1.4389477041907994,-3.916117082876684,-1.0230232208255932,-2.4771693786858844
mobley_5917842,15.542676346456433,6.535399903370159,2.0055030509991623,0.21611049218002787,-9.007276443086274,-1.7893925588191344
mobley_5935995,-2.799114421402308,-1.2742942498211032,-2.3916161296280496,-5.12160355026669,1.5248201715812049,-2.7299874206386407
mobley_5952846,0.08585612619052677,0.09044740397234122,-1.2621095580582389,-1.9622784899333843,0.004591277781814451,-0.7001689318751454
mobley_5973402,-0.37465385252693917,5.87350335625194,-1.7769836485808677,-2.660205325405994,6.2481572087788795,-0.8832216768251264
mobley_5977084,10.436330864957068,3.912960054719644,2.036088843649852,-1.011865451430583,-6.523370810237424,-3.047954295080435
mobley_6006813,5.435918390247104,4.6220763401300395,-0.0345641798144688,-2.3428088260987634,-0.8138420501170645,-2.3082446462842947
mobley_6055410,36.715953191874355,48.67275542891534,10.58191987334425,10.4078615949729,11.956802237040982,-0.17405827837134957
mobley_6060301,4.922354683464986,6.202731392164168,-2.784108881769764,-6.1491705626929765,1.2803767086991815,-3.3650616809232123
mobley_6091882,0.2597351701128152,0.2535846786582925,-2.807001182829535,-3.2385123927184876,-0.006150491454522733,-0.4315112098889524
mobley_6102880,11.841815202866954,15.889294381303634,5.967725740147434,5.8554413542128545,4.04747917843668,-0.11228438593457923
mobley_6115639,65.2458498841969,33.82272379295426,-1.366859228880317,0.17441919025493147,-31.423126091242644,1.5412784191352484
mobley_6175884,14.657584490335895,17.664699367299647,0.9418788814762,-0.2541963872423638,3.007114876963753,-1.1960752687185638
mobley_6190089,2.356251795517912,2.1039336652600764,-0.24912923129464493,-3.0293997517901046,-0.25231813025783545,-2.78027052049546
mobley_6198745,33.94339519677092,11.662716322538746,-0.6320116972841756,1.500605595106328,-22.280678874232176,2.1326172923905036
mobley_6232400,15.06952255731002,31.473019138472726,3.2420305119634527,1.7841464053433547,16.403496581162706,-1.457884106620098
mobley_6235784,1.532800016816455,1.305374889591817,-0.39589699386156046,-121.19260213395555,-0.22742512722463815,-120.79670514009399
mobley_6248915,8.007455359725098,8.819764758675715,-0.7957390024795117,-5.222604081228262,0.8123093989506174,-4.42686507874875
mobley_6250025,2.000878854976149,2.1248185779338282,-1.0259396898466286,-2.595650849211551,0.12393972295767908,-1.5697111593649222
mobley_6266306,1.0604531335061123,4.154711052394014,-0.596553478529963,-1.699024630948843,3.094257918887902,-1.1024711524188802
mobley_627267,0.1889376087216741,0.7415334648948491,-0.08678300293418417,-2.053937675073289,0.552595856173175,-1.967154672139105
mobley_628086,24.292498348717103,7.377365633194685,-0.8567297689172034,-3.4530840906766516,-16.915132715522418,-2.5963543217594482
mobley_628951,8.593538177850586,9.227526903354809,7.921699635691998,4.888860337239844,0.6339887255042225,-3.0328392984521537
mobley_6303022,-6.168796729236728,2.7077499226596142,3.557009086543387,2.5553240450259227,8.876546651896343,-1.0016850415174643
mobley_6309289,0.7311921764644445,4.148569174075218,2.1641376844913562,1.5000502186489584,3.417376997610774,-0.6640874658423979
mobley_632905,25.133329845732533,26.407158006558163,3.9218489447396543,-0.0695174542163981,1.27382816082563,-3.9913663989560524
mobley_6353617,18.650343332333453,43.727266866167454,4.2244981246578055,2.238980058131684,25.076923533834,-1.9855180665261214
mobley_6358463,20.368585415746974,-1.2126204721631986,5.374600741094818,1.4920035248471883,-21.581205887910173,-3.882597216247629
mobley_6359135,0.15050010190983934,0.06232349400512464,-2.954085039472101,-2.7405023810097586,-0.08817660790471471,0.2135826584623426
mobley_6359156,7.302446821534742,6.0501748313828,6.529889426070224,5.042671215434971,-1.2522719901519421,-1.4872182106352536
mobley_63712,0.05649986568396169,2.198489164322942,3.559088817846694,1.547558908114443,2.1419892986389804,-2.0115299097322508
mobley_637522,11.386570392862707,9.073592245782105,6.683626621217637,6.263434018715534,-2.3129781470806012,-0.42019260250210255
mobley_6416775,-0.7767517827745207,0.4676572352175692,-1.9483371535135532,-3.5933245486464656,1.24440901799209,-1.6449873951329124
mobley_6430250,4.3266847900170236,4.670959710872706,2.953386917740433,-0.6695986009665007,0.3442749208556828,-3.6229855187069337
mobley_6456034,31.55391457354721,15.204553803156628,2.7911592851621525,-3.145622151104037,-16.349360770390582,-5.936781436266189
mobley_646007,-4.254161373477055,2.1987228671236503,-0.9609574438963776,-2.113043938299659,6.452884240600706,-1.1520864944032816
mobley_6474572,1.2196953728762268,1.103399175435473,-2.6634356493522633,-3.1949629324622175,-0.1162961974407537,-0.5315272831099542
mobley_6497672,5.147744089075772,7.127187269856976,-1.1496323416691134,-4.115622533267136,1.979443180781204,-2.965990191598023
mobley_6571751,-2.316632444108693,-0.35120141891967627,1.3297363377568336,-0.5489566426904222,1.9654310251890168,-1.8786929804472559
mobley_6619554,14.735421339541903,17.32538214768966,0.4301525371011443,1.3813694733825204,2.5899608081477563,0.951216936281376
mobley_6620221,33.12261743250414,21.60700650412848,5.72980170961735,0.11117543069594404,-11.515610928375661,-5.618626278921406
mobley_6632459,10.592711475835822,6.980362662595504,-1.595187445028639,-3.355337503316092,-3.6123488132403176,-1.760150058287453
mobley_664966,2.6374249464686463,2.6782695271129944,-1.6228408573655349,-3.5161534002364014,0.04084458064434804,-1.8933125428708666
mobley_667278,3.93682793960357,2.6808619246408214,10.612653584452104,4.405013370821384,-1.2559660149627487,-6.207640213630721
mobley_6688723,14.004060763163253,-0.09761774706337434,10.059390376560614,7.2691103738025555,-14.101678510226627,-2.7902800027580588
mobley_6714389,4.864303260433272,4.933774837961298,-3.407017941822584,-4.052686409557857,0.06947157752802635,-0.6456684677352733
mobley_6727159,12.07770213538056,6.244220796036107,0.5761126835988069,-2.526067581165283,-5.833481339344454,-3.1021802647640895
mobley_6739648,-1.4952328874475167,2.692256626769746,1.1636040790485351,0.9661681958111994,4.187489514217263,-0.19743588323733574
mobley_6743808,-1.4537669118808352,4.812042913046541,2.5236956926976295,-1.1030781476111549,6.265809824927377,-3.6267738403087844
mobley_676247,0.4042658502869717,0.6119183426673035,-1.8050416476226967,-2.6271803168525247,0.2076524923803318,-0.822138669229828
mobley_6804509,3.4411061703562114,1.7306369828432047,2.1086432478608415,0.07993333450174367,-1.7104691875130067,-2.028709913359098
mobley_6812653,-0.32084846442801984,0.050388268103076284,-0.5001936220008845,-2.232762869734154,0.3712367325310961,-1.7325692477332697
mobley_6843802,3.000763118259197,5.992480593966862,2.442356293071305,0.7804713520413871,2.9917174757076648,-1.6618849410299181
mobley_6854178,1.5237204932215027,11.178221404056574,1.5519208400919782,-0.45893650746011927,9.654500910835072,-2.0108573475520974
mobley_6861308,19.61033766224165,21.358547463872565,3.0249287213185263,2.989500364068782,1.7482098016309138,-0.03542835724974447
mobley_6896128,0.7759105795695634,1.2738015214187492,-2.386129818939936,-4.18986415300637,0.4978909418491858,-1.8037343340664345
mobley_6911232,1.0299864392434626,2.4984180666447826,-1.3177586806422663,-3.465216317978261,1.46843162740132,-2.147457637335995
mobley_6917738,13.892761455484825,2.9764032491826526,-3.754115530255345,-4.162478522266935,-10.916358206302172,-0.40836299201158965
mobley_6929123,9.459029880259752,8.486014943931563,0.21096626161977494,-1.0204672394182368,-0.9730149363281893,-1.2314335010380117
mobley_6935906,14.02906860418669,28.091088740265683,4.557601907613414,5.892361287684679,14.062020136078992,1.3347593800712652
mobley_6973347,7.947373159976012,9.92068153190123,-1.0490042218896898,-1.3621850379642424,1.973308371925219,-0.3131808160745526
mobley_6988468,7.619709116145199,7.021312983765845,0.8096855063949588,1.334097942325656,-0.5983961323793539,0.5244124359306972
mobley_7009711,-10.431215324321794,4.537196436822276,-0.10787624084684921,-0.7649039699980511,14.96841176114407,-0.6570277291512019
mobley_7010316,2.3270590071571373,2.953355687796533,1.4397672506696828,0.39038085336193307,0.6262966806393955,-1.0493863973077497
mobley_7015518,2.1796961288113956,2.039781795331375,-1.8372408755777123,-3.088151300469081,-0.13991433348002058,-1.2509104248913687
mobley_7017274,18.414394984685277,14.895890714799869,10.357487326198378,6.592915969714244,-3.5185042698854083,-3.764571356484134
mobley_7047032,-3.873124932580623,-0.16442074551592412,-1.022146569125415,-2.903309729932799,3.708704187064699,-1.8811631608073838
mobley_7099614,1.5749491619005027,0.8998123004454122,-2.1076548482029156,-4.1729602636076075,-0.6751368614550906,-2.065305415404692
mobley_7106722,-1.201806989028587,-0.3211784495495116,-2.438943023072587,-1.4525458458472145,0.8806285394790754,0.9863971772253726
mobley_7142697,7.448981666652987,9.371743506986482,-2.6837982407423686,-2.7764461961026914,1.9227618403334947,-0.09264795536032278
mobley_7150646,2.753382202541866,1.4029879977742903,1.1241816852617257,-0.1450512333549101,-1.3503942047675759,-1.2692329186166358
mobley_7157427,1.5984386966727877,2.098142747215325,-0.2287907821697409,-5.518762633930151,0.4997040505425372,-5.28997185176041
mobley_7176290,6.664816281943361,6.917603320294623,0.40734046549955605,-1.4428723154260745,0.25278703835126226,-1.8502127809256306
mobley_7200804,14.179488455974639,4.285973679428697,0.6129187836505601,-3.92882068717072,-9.893514776545942,-4.54173947082128
mobley_7203421,18.08702547332758,19.79545801881055,-1.336048112274208,-2.063257395123496,1.708432545482971,-0.7272092828492878
mobley_7227357,7.1115586450666015,3.5527494944586526,-0.6007633200074458,-1.2571004061706188,-3.558809150607949,-0.656337086163173
mobley_7239499,11.77349184073736,3.0281733089119465,7.0916846353013625,0.40075895733872535,-8.745318531825415,-6.690925677962637
mobley_7261305,8.609749563017592,8.043836433382154,-3.750118531487081,-6.073475253696515,-0.5659131296354385,-2.3233567222094336
mobley_7295828,3.1114839912968213,2.950151834444496,3.5382922276219486,0.27586569533948957,-0.16133215685232516,-3.262426532282459
mobley_7298388,9.585904139085436,10.325683469291112,5.386698096369338,-1.0565601199178616,0.7397793302056765,-6.4432582162872
mobley_7326982,-7.613436097579402,-1.499126350478993,-1.639434403511657,-2.5542281800930016,6.1143097471004095,-0.9147937765813445
mobley_7375018,9.753586689191444,10.365453179641044,-0.9523337177018795,-5.129140339967958,0.6118664904496001,-4.176806622266079
mobley_7378987,71.36109556962155,122.36585894338918,7.811787419776287,11.284212656176623,51.00476337376763,3.472425236400335
mobley_7393673,36.05980379905094,34.19329794153833,6.605974764899924,4.284133044325801,-1.8665058575126068,-2.321841720574122
mobley_7415647,54.19990372290586,31.851574985140026,7.9056040073847305,7.360836379451634,-22.348328737765833,-0.5447676279330969
mobley_7417968,9.073538354315403,3.8511025343221412,1.0944152227254182,-0.2761684054991691,-5.222435819993262,-1.3705836282245873
mobley_7455579,12.07392566561309,8.68575141428761,0.06572719958148321,-2.033257400974658,-3.3881742513254807,-2.098984600556141
mobley_7463408,10.58648181475885,18.280383936689397,6.309406842801364,1.398824476377187,7.693902121930547,-4.910582366424177
mobley_7463799,3.9336129081826225,6.553710745025389,2.4549163906517033,-0.42476637043540943,2.620097836842766,-2.8796827610871127
mobley_7497999,17.42398016184802,16.11557469782515,0.40362090437464726,0.9865191724486286,-1.3084054640228722,0.5828982680739814
mobley_7532833,4.426842959969059,3.8538411277009703,-1.7635151454682239,-3.4115096743683004,-0.5730018322680883,-1.6479945289000766
mobley_7573149,10.415524901605103,10.223481595915327,-1.537256086290414,-1.0010927901577933,-0.19204330568977568,0.5361632961326208
mobley_7578802,0.8221475840549316,0.6952379641842218,-0.13584232364172596,-3.299393202552054,-0.1269096198707098,-3.163550878910328
mobley_7599023,0.7784062504451565,2.149928087880111,0.2314107665365932,-2.4183001582429107,1.3715218374349543,-2.649710924779504
mobley_7608435,20.0886537817273,15.770120495857434,-1.1097392355653577,-2.5530562902453067,-4.318533285869865,-1.443317054679949
mobley_7608462,0.8005570980887323,1.9269500400140198,2.948487522995415,-2.308945705210758,1.1263929419252876,-5.257433228206173
mobley_766666,0.9258667985972375,0.9167522659422053,0.071611812199837,-3.7647969694745917,-0.00911453265503226,-3.836408781674429
mobley_7676709,9.501222573290558,15.60296503708629,2.2091839526087935,2.670848978297816,6.101742463795732,0.46166502568902246
mobley_7688753,10.109100247205006,5.243617616110509,0.7451095682958093,-2.368535050913431,-4.865482631094498,-3.11364461920924
mobley_7690440,0.4347831746904205,1.6079670027913728,-0.8371544429024971,-2.2641484097843443,1.1731838281009523,-1.4269939668818472
mobley_7708038,0.7711089652619856,0.6861713090159606,-0.40949169445040584,-4.627525762266369,-0.084937656246025,-4.218034067815963
mobley_7732703,0.6127950835939756,0.30125079150038064,-2.3879023379973408,-5.052041337304503,-0.31154429209359497,-2.6641389993071627
mobley_7735340,7.115270507036015,7.716161065460648,-0.8477352311877738,-0.9861640059941356,0.6008905584246333,-0.13842877480636173
mobley_7758918,13.448784999295647,8.137370381796952,-1.7229444728004326,-3.011150560704192,-5.311414617498695,-1.2882060879037596
mobley_7768165,1.9341094584617917,1.6497750522537675,-1.6345322416321446,-5.189674183378233,-0.2843344062080242,-3.555141941746088
mobley_7769613,-3.604013037014213,-0.4726689055295571,-0.44658309439340743,-2.7663076581268506,3.131344131484656,-2.3197245637334434
mobley_7774695,0.5704677252398518,3.589937782395482,0.15337046693736678,0.6640966359657106,3.0194700571556305,0.5107261690283438
mobley_778352,-3.043085419763584,-0.5276446215212789,-1.5177646913223004,-4.69734984789313,2.515440798242305,-3.1795851565708295
mobley_7794077,0.3006403358488683,102.27986003367099,12.465704072808425,5.024222207167385,101.97921969782212,-7.441481865641039
mobley_7814642,2.336607251405444,1.47202428703879,0.9461854319639833,-2.047697381226702,-0.8645829643666538,-2.9938828131906856
mobley_7859387,8.360952015863235,7.468932804225405,-3.354196251822682,-3.3149917292384696,-0.8920192116378303,0.03920452258421259
mobley_7860938,2.97682204472388,5.535029145111955,-3.8110753821452685,-5.459649074151422,2.558207100388075,-1.6485736920061531
mobley_7869158,4.821177498044534,6.777264339018058,4.436398735108614,-3.0562380568964778,1.9560868409735237,-7.492636792005092
mobley_7893124,6.431815923398293,6.4625365020023,0.8086014251050537,2.7572910050258113,0.03072057860400701,1.9486895799207575
mobley_7912193,37.6615084216286,35.53126842368998,2.821174343665989,2.6402067264300686,-2.1302399979386166,-0.18096761723592047
mobley_7943327,17.621695770254345,12.628833230313395,-0.24240926277601949,0.8890085649605735,-4.992862539940949,1.131417827736593
mobley_7977115,5.755902417031012,3.7639736979451994,-0.03645901848988753,-0.6641117021069348,-1.9919287190858128,-0.6276526836170473
mobley_7983227,8.044858046044434,2.8609345928646284,-1.400466634023005,-3.051326810881485,-5.183923453179805,-1.65086017685848
mobley_8006582,-2.4407376718520606,-0.6776617372762883,-1.7012185355653975,-2.2361837401903033,1.7630759345757723,-0.5349652046249058
mobley_8011706,19.679054715230574,11.43847246031211,-0.6946062922168387,-1.9636506802678795,-8.240582254918465,-1.2690443880510407
mobley_8048190,-2.464902981767605,3.9144045685437714,-2.0706005532787284,-2.799126675091653,6.379307550311376,-0.7285261218129246
mobley_8057732,-4.3081425152351915,3.963063630933261,0.046388744760988754,-2.9125371145513723,8.271206146168453,-2.958925859312361
mobley_8117218,8.114319067187994,6.4546191804036175,74.00419670899251,77.34665151354585,-1.6596998867843764,3.3424548045533413
mobley_8118832,3.1868324321140795,-0.1709609899724125,-2.981055884897762,-3.5173898307795888,-3.357793422086492,-0.5363339458818266
mobley_8127829,2.521757749023967,3.9081232622010362,1.133789351202273,0.4374252071311022,1.3863655131770694,-0.6963641440711708
mobley_819018,2.6809102000744476,4.718394783190906,0.8819753084004788,-2.983641727964299,2.0374845831164583,-3.8656170363647777
mobley_8191186,2.251068702684929,2.316877036588682,-1.3538209757871669,-0.9040346232984782,0.06580833390375318,0.4497863524886887
mobley_820789,12.204949629416909,11.924731311017847,-0.5249206024371402,-0.8822119360245835,-0.2802183183990614,-0.35729133358744325
mobley_8208692,2.274012603555728,2.3498647582888457,7.458507427483203,3.1871461941230663,0.07585215473311768,-4.271361233360136
mobley_8221999,6.21736690931035,5.080767758157727,-0.6602474223929204,-2.795858936847853,-1.1365991511526232,-2.135611514454933
mobley_8260524,-1.1437018687230536,0.3089190582969769,-0.6933798105518499,-2.7032324279761353,1.4526209270200305,-2.0098526174242854
mobley_8311303,5.060994880161245,5.150532157113579,10.597749094111636,3.3286233850135023,0.08953727695233393,-7.269125709098134
mobley_8311321,2.3178937764901435,3.1786523389337447,-3.159025604072568,-3.7823906237959672,0.8607585624436012,-0.6233650197233991
mobley_8320545,9.079371257548043,4.654628733148865,-1.8457066389516843,-3.92945949362875,-4.4247425243991785,-2.0837528546770656
mobley_8337722,9.554796172373223,13.10265963229558,18.328899955803216,-0.5544969144784133,3.5478634599223575,-18.88339687028163
mobley_8337977,4.312216776284685,8.697971554356368,0.9963217386673557,-3.871540229822509,4.385754778071683,-4.867861968489865
mobley_8426916,-4.997807237004503,1.2842643265229832,-1.8247706006360143,-2.351821240241329,6.282071563527486,-0.527050639605315
mobley_8427539,11.654550920431749,8.200514405652173,-2.386126231374319,-3.056377363669214,-3.4540365147795757,-0.6702511322948954
mobley_8436428,-0.8669686531901566,0.6055225255137062,3.108189850851578,-1.548657187029292,1.4724911787038628,-4.65684703788087
mobley_8449031,-3.9334540892276952,1.9435180389423237,0.017090009407987328,-1.86117064821747,5.876972128170019,-1.8782606576254572
mobley_8467917,-0.0250490075843528,0.9170289496773041,0.16118233111942246,-5.264528746482372,0.9420779572616569,-5.425711077601795
mobley_8492526,6.815274265058693,7.417710579321538,-2.7731725593003,-5.064147845339315,0.602436314262845,-2.290975286039015
mobley_8514745,10.457659119288166,11.486850792795607,0.5174105182227651,-0.9284452749359917,1.029191673507441,-1.4458557931587568
mobley_8522124,1.3566844782009684,2.331890314695665,-1.5671515788341341,-4.167535558242219,0.9752058364946967,-2.6003839794080843
mobley_8525830,1.7901860723524317,2.1009752428009785,-2.628828333630547,-1.3683940840428874,0.3107891704485468,1.2604342495876597
mobley_852937,-0.2443995313457803,-3.772512679552867,-0.432718497092877,-3.1834345728949187,-3.528113148207087,-2.7507160758020417
mobley_8558116,-3.0050222574356207,0.02495402761680543,2.635299871779481,1.3829076678251513,3.029976285052426,-1.2523922039543296
mobley_8573194,6.608431438544988,7.929335655095433,-0.6185309365634615,-2.8379250232744515,1.3209042165504448,-2.21939408671099
mobley_8578590,3.966017913185097,6.236602896325035,-1.937448908844608,-1.904078360766433,2.270584983139938,0.033370548078174966
mobley_859464,11.482949178711639,10.829714703746344,2.91597502166587,-3.9966801710640234,-0.653234474965295,-6.912655192729893
mobley_8614858,0.14644695044318556,0.4777987266936853,-2.6338938644136647,-4.061902137181362,0.3313517762504997,-1.4280082727676975
mobley_8668219,0.5527704299691518,0.3572761651702324,1.6339762938169538,-1.8471451738370952,-0.1954942647989194,-3.4811214676540487
mobley_8685905,2.1088891629522664,1.8424879440100266,-1.9203170958542706,-1.9080801525441657,-0.2664012189422398,0.01223694331010483
mobley_8713762,38.22702691075761,25.012922388887603,2.518600283736986,-4.534998436407776,-13.214104521870006,-7.053598720144762
mobley_8723116,-0.9319322825488947,1.0479669422895017,-1.191082870208648,-1.428698965063074,1.9798992248383964,-0.23761609485442592
mobley_8739734,16.07538051971762,8.696985060544291,-120.15294991474374,-1.9984401617864722,-7.378395459173328,118.15450975295727
mobley_8754702,10.588226593168434,9.764336211592141,-0.04490778825850117,-4.019718764860574,-0.8238903815762928,-3.9748109766020727
mobley_8764620,14.307993452847288,21.11020891468295,3.449664031328659,0.6225559371951381,6.802215461835662,-2.827108094133521
mobley_8765203,-0.9594498459514538,-0.6502979920550965,-1.1322936007568107,-3.2089191711923446,0.30915185389635724,-2.076625570435534
mobley_8772587,1.6213669226514034,1.997694421517116,-3.2695756013896715,-4.515107258949012,0.3763274988657126,-1.2455316575593405
mobley_8785107,-0.3401112841757523,2.5675008819523586,-0.05552501228978568,-0.790362497951766,2.9076121661281107,-0.7348374856619804
mobley_8789465,7.351294567451276,9.202144767652065,2.8847320977484205,-0.33481558847618853,1.8508502002007887,-3.219547686224609
mobley_8798016,9.699959211240987,-13.130195153416135,2.6420151795124864,-0.7441259207486248,-22.830154364657123,-3.3861411002611113
mobley_8809190,3.5280165874764577,5.421096626667296,2.030080585406646,-0.255391712946782,1.8930800391908384,-2.285472298353428
mobley_8809274,17.352821383707795,18.03952620221755,0.6383889304792052,-3.036912420636176,0.6867048185097566,-3.6753013511153814
mobley_8823527,4.5684509547805625,3.873183772165589,7.8953062002985375,1.9551795728976025,-0.6952671826149737,-5.940126627400935
mobley_8827942,7.258452721074146,2.385572625673918,7.822770252008733,1.5674994859174802,-4.8728800954002285,-6.255270766091253
mobley_8861672,-14.283608608686706,3.559963579081395,0.8550561804436199,1.0364631783787037,17.8435721877681,0.18140699793508386
mobley_8882696,1.407558237563519,2.0985058574817828,-1.1612132004425153,-3.6483871615264993,0.6909476199182638,-2.4871739610839843
mobley_8883511,7.989944448987934,16.94161036509893,2.3797558213039762,0.7839635628272448,8.951665916110997,-1.5957922584767315
mobley_8885088,-3.710561936623711,-0.9406110873461457,-2.3475487986103807,-2.342899964302345,2.7699508492775653,0.004648834308035532
mobley_8899867,-0.11227023014762316,1.3202091802265221,-1.8652635233603752,-3.2256863228836887,1.4324794103741452,-1.3604227995233136
mobley_8966374,4.6452890410237195,4.6139796565271505,2.398846740789289,-0.11592030126228536,-0.03130938449656906,-2.514767042051574
mobley_8983100,0.9715604311370218,1.0876103245080506,-1.2991530326245688,-3.4887157373189726,0.11604989337102878,-2.1895627046944037
mobley_900088,0.34129103196616306,-0.42999796626007214,-0.31666982855329473,-4.107774531797547,-0.7712889982262352,-3.791104703244253
mobley_9015240,2.1860987776589407,2.293976278921432,-1.0850417254026847,-7.575626424735254,0.1078775012624913,-6.490584699332569
mobley_9028462,11.038261782259617,1.8032409717514577,-1.2792532410922277,-1.9230608297756921,-9.23502081050816,-0.6438075886834644
mobley_902954,6.9153533890923296,6.0688542848512705,1.6117686077552538,-0.29772103344206124,-0.846499104241059,-1.909489641197315
mobley_9029594,1.6159522922740648,1.172147545183859,-2.3883023644786725,-3.415805591271574,-0.4438047470902058,-1.0275032267929016
mobley_9055303,0.0072760421880505065,-0.007112272958687463,-2.5407494888726516,-3.2586884471900794,-0.01438831514673797,-0.7179389583174278
mobley_9073553,-0.8069157637611991,1.0632948739791859,-1.2369666849385466,-3.268964190067424,1.870210637740385,-2.0319975051288774
mobley_9100956,-1.4193022384767262,-0.38850902084175043,-0.8201322296510425,-0.7375645383268681,1.030793217634976,0.08256769132417441
mobley_9112978,-1.1769644456505517,-0.09406291276803486,-2.895530279566449,-3.305558277703471,1.082901532882517,-0.41002799813702184
mobley_9114381,6.382029441910415,24.608495064217266,2.0361993374159204,-1.82024912036941,18.22646562230685,-3.8564484577853304
mobley_9121449,0.49478500809752113,0.7969257933842328,-1.995329388020604,-2.623696919524725,0.3021407852867116,-0.6283675315041211
mobley_9139060,-1.2803423300333696,-0.38233259421997545,0.9040272383160105,1.9809180504486978,0.8980097358133942,1.0768908121326874
mobley_9185328,3.6184781216874975,2.448707209186371,-3.5742415541646655,-3.095190481012289,-1.1697709125011264,0.47905107315237627
mobley_9197172,1.5965097208644434,3.0269935837012754,-1.159419810616275,-5.912205040646683,1.430483862836832,-4.752785230030407
mobley_9201263,20.269934640976793,12.428851727899326,-2.2837543255730193,-3.4680294292837472,-7.841082913077466,-1.184275103710728
mobley_9209581,2.1092460863747964,3.0922374872628726,-1.8053130975709588,-2.0620647589772916,0.9829914008880762,-0.25675166140633277
mobley_9246215,1.9268645498343557,1.0271957183182936,-2.745521141149413,-4.622325657728821,-0.8996688315160621,-1.8768045165794076
mobley_9246351,1.3230459318956953,1.2119236924521886,0.1721192253009733,-3.242599810779214,-0.11112223944350674,-3.4147190360801876
mobley_9257453,-5.430637371721816,1.350417595554512,0.48922412263262993,0.48499757790781617,6.781054967276328,-0.004226544724813763
mobley_929676,1.0559628717961373,1.666041663120987,-2.2342704028259495,-3.7772712534729584,0.6100787913248495,-1.543000850647009
mobley_9407874,9.668434021866311,9.258142173775356,-2.209561794333119,-5.414290529765149,-0.41029184809095476,-3.20472873543203
mobley_9414831,13.349632012793624,7.208890062071949,5.165776713360597,3.97553311377096,-6.140741950721675,-1.1902435995896372
mobley_9434451,-0.6164127268880351,0.6891910345036105,-2.248785669665453,-4.571601515251716,1.3056037613916456,-2.322815845586263
mobley_9478823,1.8697158420399225,2.219638909445976,1.0777507249508136,2.270472979913115,0.3499230674060536,1.1927222549623013
mobley_9507933,6.455029966723721,5.587380041219678,61.08821071503958,-0.2900793923494325,-0.8676499255040433,-61.37829010738901
mobley_9510785,2.06682827631101,3.2504011640837978,10.02367970054757,4.3197863776006855,1.1835728877727876,-5.703893322946884
mobley_951560,33.436490034433426,18.832507664556278,-0.155849099259306,-0.3295079382544097,-14.603982369877148,-0.1736588389951037
mobley_9557440,6.494289103844146,33.95169109987851,3.5533206228579846,2.138585949323211,27.457401996034363,-1.4147346735347734
mobley_9565165,12.651096833630177,10.877385861839347,6.396840684354736,1.5204636522150254,-1.7737109717908304,-4.87637703213971
mobley_9571888,20.80596253927634,15.432121665426543,3.665632060103031,4.865524017487704,-5.373840873849797,1.1998919573846734
mobley_9617923,9.354265695113392,10.139224600477643,1.3173092977958154,-4.936580926154831,0.7849589053642507,-6.253890223950647
mobley_9624458,4.923450197983742,5.260126696973689,-0.3943566599228215,-1.746504991245715,0.3366764989899469,-1.3521483313228935
mobley_9626434,6.146204904580868,0.165369001569724,-0.06396362077656081,-2.194246718954853,-5.980835903011144,-2.1302830981782925
mobley_9653690,18.61200832822224,14.709191249907649,4.2678706106618245,-2.2248516536133676,-3.902817078314593,-6.4927222642751925
mobley_967099,11.41124074947957,4.580771427056539,-1.504413758335081,-1.6748047673041073,-6.83046932242303,-0.17039100896902637
mobley_9671033,5.682273621021388,5.0869528097254975,0.020891052206388094,-2.611958240362417,-0.595320811295891,-2.632849292568805
mobley_9705941,-0.8313664008137805,1.521030711708752,-1.5009970258546026,-4.024415268024561,2.3523971125225325,-2.5234182421699582
mobley_9717937,10.309713701114115,10.04595761478523,4.789556060152602,6.694032051089096,-0.26375608632888436,1.9044759909364934
mobley_9729792,2.351561621475644,3.3135811965853517,-0.6827202617923953,-2.428867487633872,0.9620195751097076,-1.7461472258414765
mobley_9733743,5.138190960475859,4.802118454999166,-2.6321016513823494,-3.5449391263486367,-0.3360725054766931,-0.9128374749662873
mobley_9740891,3.4692937865615967,9.670751583655598,2.3867067279758634,0.6510907981195007,6.201457797094001,-1.7356159298563627
mobley_9741965,12.597597652165856,17.717326286142136,1.1019379976258397,1.8049585194488724,5.11972863397628,0.7030205218230328
mobley_9794857,-4.476682606270469,0.8999091416780178,1.4711336703145808,-1.5946420415495837,5.376591747948487,-3.0657757118641644
mobley_9821936,1.5193030978554851,0.5035418321485414,10.809336343142482,3.584322161058928,-1.0157612657069437,-7.225014182083553
mobley_9838013,-6.193334009432885,-1.097714679084304,-1.2414606894035263,-2.668243193346908,5.095619330348581,-1.426782503943382
mobley_9883303,0.4953753325059073,0.9300102464645663,-0.5419886394506531,0.37990306754167535,0.434634913958659,0.9218917069923285
mobley_9897248,2.879125578047364,9.209285488111643,60.00232009468436,-1.571654892563199,6.330159910064279,-61.57397498724755
mobley_9913368,1.0195856887326362,0.8587486388911482,-2.593721059507026,-2.6551516568877562,-0.16083704984148806,-0.06143059738073031
mobley_9942801,1.9893793046722017,2.610415731740253,1.3267439570074417,-2.2541013977711,0.6210364270680513,-3.5808453547785417
mobley_994483,1.0900214175834897,0.9593246201030268,-2.1109631140599507,-4.130551514517867,-0.13069679748046292,-2.0195884004579163
mobley_9974966,-1.5616031471174474,2.1570370427911634,-1.7195146962958234,-0.7183859014875367,3.718640189908611,1.0011287948082868
mobley_9979854,24.855859369416166,6.943338073389851,-1.9873216551119413,-3.3768992936871514,-17.912521296026313,-1.38957763857521
